text_clean,true_label,predicted_label,confidence,prob_negative,prob_positive
excellent thank you,negative,positive,0.9983605742454529,0.0016394482227042317,0.9983605742454529
very nice food thank you so much,negative,positive,0.9983281493186951,0.0016718775732442737,0.9983281493186951
delicious food fried chicken just awesome overall very good,negative,positive,0.9981972575187683,0.0018028196645900607,0.9981972575187683
existing and very testy food,negative,positive,0.9981308579444885,0.0018691495060920715,0.9981308579444885
thank you the food is very tasty,negative,positive,0.9978480339050293,0.0021520114969462156,0.9978480339050293
thanks saffron restaurant your food is simply amazing,negative,positive,0.9978277087211609,0.0021723078098148108,0.9978277087211609
the pastry and pudding tasted amazing the quality of momo is decreasing each passing day please make the price reasonable,negative,positive,0.9977989792823792,0.0022010039538145065,0.9977989792823792
the packaging is great,negative,positive,0.9977602958679199,0.002239713678136468,0.9977602958679199
sharma s test is absolutely amazing,negative,positive,0.9977541565895081,0.0022458331659436226,0.9977541565895081
wow it was delicious my sis super happy for your pizza thanks a lot,negative,positive,0.9976529479026794,0.0023470199666917324,0.9976529479026794
very worst service ever day by day food panda delivery person behavior is too worst they dont have dress not ever food warmer box no hygine maintain,positive,negative,0.9976392984390259,0.9976392984390259,0.0023607653565704823
the waffles were very crunchy soft and delicious i will order again,negative,positive,0.9976104497909546,0.0023895450867712498,0.9976104497909546
tehari ta onk moja kintu mangsen pis gula valona eita sotti kacchi best tehari ta o best,negative,positive,0.9975770115852356,0.0024230426643043756,0.9975770115852356
their burger and nachos both disgusting just waste if money,positive,negative,0.9975335597991943,0.9975335597991943,0.0024664336815476418
i asked for korola bhaji and in the bill korola bhaji is written but dherosh bhaji has been delivered i am satisfied with this service at all,negative,positive,0.9974823594093323,0.0025176252238452435,0.9974823594093323
was good and tasty,negative,positive,0.9974547028541565,0.0025453264825046062,0.9974547028541565
i have ordered kacchi and burhani and paid for it through bkash but they didn t send burhani,positive,negative,0.9972890615463257,0.9972890615463257,0.0027109666261821985
the amount of liver was very low just a very bad experience full of gila not what i expected,positive,negative,0.9972654581069946,0.9972654581069946,0.0027345300186425447
totally bad food wasted of money,positive,negative,0.9972460269927979,0.9972460269927979,0.0027539737056940794
the worst food i have ever eaten from not only food panda but also anywhere on earth how can you call yourselves a cook shame on the cook at least you have cooked something edible chi,positive,negative,0.9972068667411804,0.9972068667411804,0.002793146064504981
excellent service but the food tasted off,negative,positive,0.997180700302124,0.002819283166900277,0.997180700302124
i often order chicken biryani from here food quality is improved and healthy,negative,positive,0.9971666932106018,0.002833347301930189,0.9971666932106018
the food was amazing i like they re tehari,negative,positive,0.9970622658729553,0.0029377799946814775,0.9970622658729553
very good food and very good service,negative,positive,0.9970531463623047,0.0029467884451150894,0.9970531463623047
khub e baje experience mutton pcs akdom e choto r pcs haddi,positive,negative,0.9970476031303406,0.9970476031303406,0.002952361246570945
the lemon tart is great,negative,positive,0.9970183372497559,0.0029816559981554747,0.9970183372497559
faluda ta onk moja,negative,positive,0.997016429901123,0.002983578946441412,0.997016429901123
totally bad very bad food they serve their food cold its not hot people can get sick,positive,negative,0.9969645142555237,0.9969645142555237,0.0030354387126863003
dahi fuska was very testy,negative,positive,0.9968552589416504,0.0031447410583496094,0.9968552589416504
food taste was fantastic but few lollipops were bit too small and i habe received only chicken lollipops instead of,negative,positive,0.9964937567710876,0.003506215987727046,0.9964937567710876
very late tea was excellent,negative,positive,0.9964812994003296,0.0035186277236789465,0.9964812994003296
wow so much delicious yummy burger,negative,positive,0.9964603781700134,0.003539649536833167,0.9964603781700134
alhamdulillah it was tasty,negative,positive,0.9962819218635559,0.0037180394865572453,0.9962819218635559
good food as well as yummy,negative,positive,0.9961444139480591,0.0038555683568120003,0.9961444139480591
very bad food panda did not supply the food which i ordered,positive,negative,0.9960320591926575,0.9960320591926575,0.00396798737347126
overall good they add extra spice on food which can cause harm for health,negative,positive,0.9959968328475952,0.004003191366791725,0.9959968328475952
nice ami din por por ei khai best khacci,negative,positive,0.9958847165107727,0.004115296062082052,0.9958847165107727
the worst one i ordered meat box but there is no single chicken how it can be renamed as meat box,positive,negative,0.9958725571632385,0.9958725571632385,0.0041274516843259335
pasta is average must be improved and cheesecake is so yummy,negative,positive,0.9958503246307373,0.0041496544145047665,0.9958503246307373
onek bala kani onek moja,negative,positive,0.9958451390266418,0.0041548386216163635,0.9958451390266418
very bad there is no taki fish in the taki fish bowl no filling was good ajaira is putting chili makha on all the dishes jhal and jhar,positive,negative,0.99583899974823,0.99583899974823,0.004161040298640728
too much spicy made the treat worst with family get together children were unable to eat pizzas,positive,negative,0.9958213567733765,0.9958213567733765,0.004178617149591446
salty otherwise everything perfect,negative,positive,0.995816171169281,0.004183872137218714,0.995816171169281
khub valo hoycche,negative,positive,0.9955944418907166,0.004405551124364138,0.9955944418907166
tasty was so good as always but food wasnt warm at all,negative,positive,0.9954569339752197,0.004543078597635031,0.9954569339752197
i ordered naga drum sticks it tastes really good but the spice level is unbearable stomach starts paining few minutes later eating this please reduce the amount of naga,negative,positive,0.9952980875968933,0.004701911937445402,0.9952980875968933
it was very good,negative,positive,0.9951564073562622,0.004843600559979677,0.9951564073562622
ato baje tehari ami jibone khaini,positive,negative,0.9951550960540771,0.9951550960540771,0.004844970535486937
uffff xosss thanq so much ami emnitei regular customers shb somoy restaurnt e gie khai ajk first order disi online e ja ja chaisi obhabei dise alhandulillah double decker r chicken finger,positive,negative,0.9951051473617554,0.9951051473617554,0.004894832614809275
just awful boasted chicken ordered pcs but the chicken was stale and very bad,positive,negative,0.9950703382492065,0.9950703382492065,0.004929685965180397
bad pizza the crust was very thick and the toppings and the flavors were so bland and they provided sauces which were very very unsuitable sauces and there was no oregano and chili flakes very bad,positive,negative,0.9948744177818298,0.9948744177818298,0.005125625059008598
very very good always,negative,positive,0.9948707818984985,0.005129198078066111,0.9948707818984985
chotpoti fuchka ordered because last time it was so tasty however this time got disheartened quantity was good but tasted sad,negative,positive,0.9947040677070618,0.005295872688293457,0.9947040677070618
horrible service there orders are always late they behave badly with the delivery man never gonna reorder,positive,negative,0.9945397973060608,0.9945397973060608,0.005460219457745552
very poor ordered pc chicken and fires did not give fries,positive,negative,0.9944557547569275,0.9944557547569275,0.00554427457973361
especially the chicken soup was very good,negative,positive,0.9943747520446777,0.005625277757644653,0.9943747520446777
good service and responsible,negative,positive,0.9941408038139343,0.0058591291308403015,0.9941408038139343
wnfl secrives peace full delevirs thought staff my ordered pizza is like i want wow but the classic burger its not good too much onions capsicum and chicken is cooked smells bad,positive,negative,0.9937775135040283,0.9937775135040283,0.006222482770681381
supplies bad and spoiled food,positive,negative,0.9936509728431702,0.9936509728431702,0.006349063478410244
food pandai order korchi bole emon kharap poccha fried rice diben fried rice ta akdom nosto puraton manus k nosto khabar den allah er kashe jobab dite hobe,positive,negative,0.9933876991271973,0.9933876991271973,0.006612246390432119
today i have ordered for breakfast paratha booter daal and paya but they send me booter daal instead of,positive,negative,0.9931822419166565,0.9931822419166565,0.00681774877011776
the egg they give one is spoiled bad smells came from it,positive,negative,0.9930875897407532,0.9930875897407532,0.006912388373166323
vegetable egg noodles ta ekdom baje chilo na kono vegetables chilo r nah dim shudhu lobon r holud diye siddho kre koyek tukra kacha morich diche taka jole fuska best chilo sandwich ta o vlo,positive,negative,0.993039071559906,0.993039071559906,0.006960996426641941
chicken wings ta joss ar burger e aro spices add korben,negative,positive,0.9929759502410889,0.007024110294878483,0.9929759502410889
the quantity they gave was really low compared to what i had at chef s table noodle nest,positive,negative,0.9927144646644592,0.9927144646644592,0.007285573054105043
very bad i was ordering kacchi he gave up without giving meat,positive,negative,0.9927054047584534,0.9927054047584534,0.007294634357094765
found the soup all around the bag had to go through the whole soup very disappointed,positive,negative,0.9924995303153992,0.9924995303153992,0.007500521373003721
just wow i like this food,negative,positive,0.9924873113632202,0.0075126346200704575,0.9924873113632202
very bad last time chicken was so hard i expected that it was so crispy but it was totally disappointed,positive,negative,0.9924195408821106,0.9924195408821106,0.0075804684311151505
very very good,negative,positive,0.9923869371414185,0.007613060064613819,0.9923869371414185
i ordered cheese mashrum pizza cheese pizza was da best but mashrum pizza was worst their mashrum pizza is alwz da best but dn knw why today s was da worst smelling,positive,negative,0.9923082590103149,0.9923082590103149,0.007691751699894667
good it was some of testy,negative,positive,0.9921561479568481,0.007843773812055588,0.9921561479568481
it was yummy,negative,positive,0.9920700192451477,0.00792995747178793,0.9920700192451477
need more delicious,negative,positive,0.9920691251754761,0.007930934429168701,0.9920691251754761
worst pineapple juice ever i love their khichuri only,positive,negative,0.9919664859771729,0.9919664859771729,0.00803354475647211
kabab is best,negative,positive,0.9919241070747375,0.008075901307165623,0.9919241070747375
baje cilo chicken ami pele disi amrb tk e loss,positive,negative,0.9918674826622009,0.9918674826622009,0.00813252106308937
rider late that alhamdulillah food is very tasty alhamdulillah good,negative,positive,0.9918632507324219,0.00813670177012682,0.9918632507324219
in a word amazing,negative,positive,0.9916583895683289,0.008341604843735695,0.9916583895683289
very good restaurant but provided me with rice whereas i ordered noodles,negative,positive,0.9913546442985535,0.008645321242511272,0.9913546442985535
food was amazing and one fell sick after eating the food,negative,positive,0.991273820400238,0.008726204745471478,0.991273820400238
excellent for its color not for taste probably the worst sweet i ve ever eaten,negative,positive,0.9911746978759766,0.008825227618217468,0.9911746978759766
khabar dabar r dam barsee as a regular customer hisabw req roilo costing barse dekhe khabar r man ta nosto korben nh rijik r malik allah tension korben nh but klk khabar ta peye disappointed,positive,negative,0.9911608099937439,0.9911608099937439,0.008839217014610767
the food is stale only the eggs were good and after hour minutes of this stale food,positive,negative,0.9909794330596924,0.9909794330596924,0.009020568802952766
one of my favorite restaurants but they keep ignoring cooking instructions,negative,positive,0.9908084273338318,0.009191564284265041,0.9908084273338318
we didn t get our one food potato wedges what we had ordered this is so disappointing that money also cut it,positive,negative,0.9907037615776062,0.9907037615776062,0.009296189993619919
everything was good except the rice bowl,negative,positive,0.990475594997406,0.009524473920464516,0.990475594997406
chutney was disgusting neither sweete sour or spicey rather it was bitter,positive,negative,0.9904113411903381,0.9904113411903381,0.009588588960468769
very very bad i am not eating food,positive,negative,0.9903938174247742,0.9903938174247742,0.00960614811629057
i ordered the special nachos however received the classic one never expected this from food chemistry thanks,negative,positive,0.9903892874717712,0.009610782377421856,0.9903892874717712
good mutton kichuri r firni o,negative,positive,0.9903221726417542,0.009677794761955738,0.9903221726417542
hmm it was good out of,negative,positive,0.9902070164680481,0.009792989119887352,0.9902070164680481
tastes good with nice packaging but only pieces of meat in a tk tehari,negative,positive,0.9899444580078125,0.0100556043908,0.9899444580078125
i ordered a plain cake ni told them to make it pieces but very disappointed as a oldest n finest confectionery did not know how to piece the cake pls train them,positive,negative,0.9895373582839966,0.9895373582839966,0.010462680831551552
too bad no salad is served,positive,negative,0.9894822835922241,0.9894822835922241,0.010517715476453304
quality of food was awesome the dumpling was well cooked,negative,positive,0.9894110560417175,0.01058888528496027,0.9894110560417175
wrong dispatch i ordered burger the wral comes,positive,negative,0.9893985986709595,0.9893985986709595,0.010601463727653027
mangsher pieces gula khubi baje dey,positive,negative,0.9892377853393555,0.9892377853393555,0.01076221652328968
parata and chicken are sent together with salad as a result everything is wet and doughy besides malay chicken which remains dry is also quality less this food i had in gulashan from them which was really amazing,negative,positive,0.9891868233680725,0.010813172906637192,0.9891868233680725
the meal was fine and delicious but the rider dropped the box prolly and the pizza was all shuffled up and got messy inside all slices were on top of each other and the ingredients were outside the slices,negative,positive,0.9891106486320496,0.010889370925724506,0.9891106486320496
alhamdulillah the food is quite good but try to make it better thank you,negative,positive,0.9888533353805542,0.01114660780876875,0.9888533353805542
very bad that was too late,positive,negative,0.9886250495910645,0.9886250495910645,0.011374999769032001
happy biart hday,negative,positive,0.9885397553443909,0.011460257694125175,0.9885397553443909
chul paisi khabar a,positive,negative,0.9882904291152954,0.9882904291152954,0.011709540151059628
ordered spicy zinger but i was shocked kfc always gave cabbages in the burger but in gazipur kfc i got lettuce disappointed,positive,negative,0.9880434274673462,0.9880434274673462,0.011956658214330673
temon moja lagenaijemon asha korclm,negative,positive,0.9879427552223206,0.012057226151227951,0.9879427552223206
chicken khichuri te chicken er piece e silona just ektu mangsher ongsho silo very disappointing,positive,negative,0.987940788269043,0.987940788269043,0.012059272266924381
biriyani ta valoi cilo price beshi hoyece jetuku biriyani cilo pic a salad diyecilo parcel a salad deyni atai biriyani test ta valo r aktu poriman beshi biriyani dile valo hoto,negative,positive,0.9878693222999573,0.01213066652417183,0.9878693222999573
nosto provided food,positive,negative,0.9877712726593018,0.9877712726593018,0.012228786945343018
they sent wrong item,positive,negative,0.9875397682189941,0.9875397682189941,0.012460297904908657
naan bread is disgusting,positive,negative,0.9871823787689209,0.9871823787689209,0.012817641720175743
sharma ta akdom baje chilo porata dia kau sharmabanaii fast experience in my life,positive,negative,0.9869962930679321,0.9869962930679321,0.013003628700971603
it was good the amount of chicken mushroom prawns in the soup would have been perfect,negative,positive,0.9865239858627319,0.013476019725203514,0.9865239858627319
ajke maybe for the first time amake chili sauce ta diyeche ager order gulay akbaro chili sauce day ni,positive,negative,0.9865238666534424,0.9865238666534424,0.013476145453751087
absolutely junk food world,negative,positive,0.9863704442977905,0.013629524037241936,0.9863704442977905
the polythene in which the food is served is very bad and the food has come out of the packet hopefully this will not happen again,positive,negative,0.986368715763092,0.986368715763092,0.013631287962198257
today i bought mighty chicken platter they didn t give me brownies which is included in platter it is very unfortunate if they don t supply which they showed in menu,positive,negative,0.9862762689590454,0.9862762689590454,0.013723725453019142
shwarma was too good,negative,positive,0.985954225063324,0.01404575165361166,0.985954225063324
faltu delivery boy,positive,negative,0.9859474897384644,0.9859474897384644,0.014052456244826317
meal was excellent but rider should bring some changes along,negative,positive,0.9859461188316345,0.014053923077881336,0.9859461188316345
it s terrible,positive,negative,0.9859454035758972,0.9859454035758972,0.014054563827812672
the grill was good,negative,positive,0.9857962131500244,0.014203784987330437,0.9857962131500244
egg polao is too good,negative,positive,0.9857930541038513,0.014206916093826294,0.9857930541038513
it s yummy,negative,positive,0.9855453372001648,0.014454621821641922,0.9855453372001648
today s thai soup chicken fry and chicken lollypop was very good and fresh but their previous order chicken grill was sp bad smelt very bad it was rotten and cold waste it was,positive,negative,0.9854778051376343,0.9854778051376343,0.014522148296236992
wrong food item delivered,positive,negative,0.9850637912750244,0.9850637912750244,0.0149362338706851
grilled chicken tastes awful,positive,negative,0.9848337173461914,0.9848337173461914,0.0151662677526474
the oder was best but it was so large,negative,positive,0.9845421314239502,0.015457919798791409,0.9845421314239502
the beef biryani was absolutely rubbish,positive,negative,0.9841687679290771,0.9841687679290771,0.01583120785653591
meat box was full of soggy french fries worst ever,positive,negative,0.9839138984680176,0.9839138984680176,0.016086116433143616
the waffle was good it was crispy but the donut is very bad eating donuts felt like a waste of money will never buy donuts again the donut does not match the picture and not so much fun to eat the smell of the cream,positive,negative,0.9837052822113037,0.9837052822113037,0.016294732689857483
tehari haar diye vorti valo mangsho nai,positive,negative,0.9834454655647278,0.9834454655647278,0.016554532572627068
it was too much bad food i never eat,positive,negative,0.9834416508674622,0.9834416508674622,0.01655835472047329
received ahead of time thanks,negative,positive,0.9834215044975281,0.016578469425439835,0.9834215044975281
i have ordered crispy chicken rice bowl but they sent me barbeque rice bowl they should serve perfect order which customer ordered pls take care in this regard thank you,negative,positive,0.9833632707595825,0.01663667894899845,0.9833632707595825
thanks for the rotting food,negative,positive,0.9831978678703308,0.016802115365862846,0.9831978678703308
i ordered nachos it was good i would say a little more salad would add more taste too much sauce and mayo also the delivery man was very polite overall i would rate for food the delivery m,negative,positive,0.9831470847129822,0.016852915287017822,0.9831470847129822
of course it was pretty good,negative,positive,0.9829357862472534,0.017064228653907776,0.9829357862472534
why was the cookies and cream so bad dont ever order it order the nutella one,positive,negative,0.9828431010246277,0.9828431010246277,0.017156915739178658
very slow delivery waited almost hrs,positive,negative,0.9828018546104431,0.9828018546104431,0.017198150977492332
plain polao nichilam vai etto polao ke khay price komiye rice tao kom dilei paren half polao noshto hoise,positive,negative,0.9825189113616943,0.9825189113616943,0.017481064423918724
provided another item half broken samosa instead of singara for an item,positive,negative,0.9824478030204773,0.9824478030204773,0.01755218766629696
usually they are best among their competitors at this price range today they provided fried pieces in one of the platter whereas all the ordered platters were same steamed platter,negative,positive,0.9822871088981628,0.0177129115909338,0.9822871088981628
pizza is too salty and pizza crust is too thin,positive,negative,0.9822421073913574,0.9822421073913574,0.017757875844836235
bot vuna is good,negative,positive,0.9821350574493408,0.017864910885691643,0.9821350574493408
today it was so so but last time it was excellent for that reason i ordered here today,negative,positive,0.9821332097053528,0.017866751179099083,0.9821332097053528
i ordered a pizza how do i get it or contact them,positive,negative,0.9820333123207092,0.9820333123207092,0.01796668767929077
ordered different flavors there was no labeling on the foods so packaging is very bad i must say put label about flavor,positive,negative,0.9820057153701782,0.9820057153701782,0.01799427531659603
the delivery was delayed by an hour very disappointing,positive,negative,0.981902003288269,0.981902003288269,0.0180980172008276
ta shingara shomosa order disi shad thik silo but salad deynai sos ekdom kom dise ta khaitei shesh,positive,negative,0.980949342250824,0.980949342250824,0.01905064843595028
hot and sour ramen was just way too spicy they should really work on reducing spice level otherwise it can cause serious health effects id never order this again,negative,positive,0.980258584022522,0.019741427153348923,0.980258584022522
i ordered bbq sub sandwich but they gave wrong food,positive,negative,0.9802522659301758,0.9802522659301758,0.019747700542211533
it was quite good best of all very fast delivery but there was no lemon in the salad,negative,positive,0.9802044034004211,0.01979561150074005,0.9802044034004211
although good to eat the outer wrapper of the mums is very thin there was absolutely nothing from below the pus was coming out,positive,negative,0.9798516631126404,0.9798516631126404,0.0201483853161335
am confused because the size of half kacchi and three quarter tehari was same because i ordered both today and i feel that that tehari was not three quarter however the food was very good,positive,negative,0.9797098636627197,0.9797098636627197,0.020290102809667587
it was cold the delivery man was very late very disappointing,positive,negative,0.979436457157135,0.979436457157135,0.0205635204911232
ordered nan they gave,positive,negative,0.9794313311576843,0.9794313311576843,0.020568620413541794
food is generally very good but it was overly salted today,negative,positive,0.979236364364624,0.020763641223311424,0.979236364364624
the pieces of mutton were small and almost bones,positive,negative,0.9788879752159119,0.9788879752159119,0.02111203595995903
i ordered the fudge cake today and it s so cute,positive,negative,0.9788733720779419,0.9788733720779419,0.021126605570316315
expensive they don t listen to requests don t bother adding notes usually give a lot of fat always give cash on delivery as if you get food then if you see fat send food,positive,negative,0.9785771369934082,0.9785771369934082,0.02142282761633396
ordered chicken pcs they gave one pcs much smaller in size,positive,negative,0.9784485101699829,0.9784485101699829,0.021551521494984627
ordered chicken chap they give me masala although it is good with luchi,negative,positive,0.9784406423568726,0.021559307351708412,0.9784406423568726
why nowadays you delay every single order the taste of the faluda isn t like before i am really really disappointed guys this is not that al kaderia we used to order every weekend,positive,negative,0.9781684279441833,0.9781684279441833,0.021831609308719635
it was absolute disappointment to receive such a poor service there were no spoons and forks included,positive,negative,0.9781681895256042,0.9781681895256042,0.021831827238202095
the food was the worst,positive,negative,0.9779937267303467,0.9779937267303467,0.022006239742040634
tried their cake on my shake for the first time beshi patla and cake pura blend icca kore kore nai naki hoy nai i don t know liquid jinish r moddhe manush cake uthay uthay khay kmne,positive,negative,0.977828860282898,0.977828860282898,0.02217119373381138
service is really too poor the cake was broken when delivered,positive,negative,0.9776820540428162,0.9776820540428162,0.022317882627248764
ordered without ice the order that was delivered had less ice which melted while being delivered,positive,negative,0.9776548147201538,0.9776548147201538,0.02234518714249134
i ordered the rib piece but they gave me thigh piece,positive,negative,0.9772521257400513,0.9772521257400513,0.022747915238142014
no idea i ordered with extra ice cream but when arrived at my apartment i didnt get the ice cream should i give star i am not that kind of person hope there will be improvement,positive,negative,0.9771317839622498,0.9771317839622498,0.022868245840072632
food was tasty but packaging must be improved,negative,positive,0.9768826961517334,0.023117341101169586,0.9768826961517334
taste was very bland,positive,negative,0.9768097996711731,0.9768097996711731,0.02319021336734295
kotom barir oros biriyani best oita theke apnara inspire hote paren,negative,positive,0.9767938852310181,0.02320612221956253,0.9767938852310181
ami amr food ta pai ni but amr taka nise eta ekdom thik hoi ni amr tk ferot chai,positive,negative,0.9765805006027222,0.9765805006027222,0.023419488221406937
bro apnara tanduri roti re plain roti leikhen na apnader khabarer maan onek bhalo azke tanduri roti mathay rekhei plain roti order korsi gotodin plain roti order diye tanduri roti paway kharap lagsilo,positive,negative,0.9765762090682983,0.9765762090682983,0.023423802107572556
chicken er smells khub maje chilo bt baki shob thik ase taste thik ase,negative,positive,0.9765514135360718,0.023448605090379715,0.9765514135360718
ordered my food at pm and they delivered it at pm disappointing,positive,negative,0.9764916300773621,0.9764916300773621,0.023508310317993164
fries are really bad,positive,negative,0.9763837456703186,0.9763837456703186,0.023616239428520203
brother why are you dropping everyone s test everyone is starting to fake to maximize profits disappointing,positive,negative,0.9761555194854736,0.9761555194854736,0.02384445257484913
fan of dine in but takeout is,negative,positive,0.9761545062065125,0.02384554035961628,0.9761545062065125
chicken noodles er moddhe chicken nai cabbage diye vora kos kos kore,positive,negative,0.9761469960212708,0.9761469960212708,0.023853035643696785
the food was very bad i could not imagine that your hospitality would be so bad,positive,negative,0.9760480523109436,0.9760480523109436,0.023951970040798187
too much oil in beed rezala and chicken roast not good at all,positive,negative,0.9760246872901917,0.9760246872901917,0.02397538162767887
the food was not good at all what i see in the pictures,positive,negative,0.9759080410003662,0.9759080410003662,0.024091942235827446
the pizza tasted somewhat bland the crust was not tasty enough something felt missing,positive,negative,0.9758460521697998,0.9758460521697998,0.024153972044587135
quantity and quality isnot good as expected,negative,positive,0.9758006930351257,0.02419932559132576,0.9758006930351257
juicy burger murgir breast kacha silo and mosla gula akdom rannai hoini,negative,positive,0.9757258892059326,0.024274123832583427,0.9757258892059326
check what you have given before delivering the order in the future,positive,negative,0.9757248163223267,0.9757248163223267,0.024275122210383415
very nice taste of classic margarita and bbq pizza but absolutely not recommended for children and people with less spice tolerance literally it was full of chilli flakes wth,negative,positive,0.9755373001098633,0.0244627483189106,0.9755373001098633
pastry was old and dry doesn t taste good at all expired date of butterbun was disappointing taste is not so good quality should be improved,positive,negative,0.9754330515861511,0.9754330515861511,0.024566924199461937
food was great but delivery time is too much late,negative,positive,0.9754324555397034,0.024567577987909317,0.9754324555397034
good taste but need improvement in quality of meat and portion size,negative,positive,0.9753615856170654,0.024638401344418526,0.9753615856170654
chicken kichuri medium good,negative,positive,0.9753208756446838,0.024679096415638924,0.9753208756446838
good butt quantity could have been given a little more i did not get mayonnaise sauce i did not get salad,negative,positive,0.9752821922302246,0.02471775934100151,0.9752821922302246
good oiled meat pitch in pinai kacchi i only got a bone,negative,positive,0.9749358296394348,0.025064172223210335,0.9749358296394348
taste was good as it was delivered hot bt quantity is less and price is much higher,negative,positive,0.9747997522354126,0.025200314819812775,0.9747997522354126
sweetness seemed less the tao khub flavor was mild this time experience was worse than other times,positive,negative,0.9746102690696716,0.9746102690696716,0.025389770045876503
very bad food,positive,negative,0.9743150472640991,0.9743150472640991,0.0256849005818367
kachi id avrg the beef was too good,negative,positive,0.9742962718009949,0.025703776627779007,0.9742962718009949
food was really good but it takes hours to deliver,negative,positive,0.9742847084999084,0.02571525238454342,0.9742847084999084
poor packaging of chilli chicken the packet was damaged i don t know how they gave a liquid food without any poly just in a box,positive,negative,0.9742406010627747,0.9742406010627747,0.02575945109128952
alu missing in mutton alu gost,positive,negative,0.9735547304153442,0.9735547304153442,0.026445237919688225
salty otherwise sounds good,negative,positive,0.9731480479240417,0.026851946488022804,0.9731480479240417
the wings be tasting kinda cheap ngl cold too did you like give me stale ones or sum,positive,negative,0.9729150533676147,0.9729150533676147,0.027084873989224434
ai akta resturent jader vorta gulo akdom authentic tara akdom ilish taki chingri mas deya vorta banai ata amr kasa vlo lagsa mohammadpur a amon vorta r kothao pai nai ami vlo lagsa,positive,negative,0.9725908637046814,0.9725908637046814,0.02740907110273838
i had mac and cheese pizza from there gulshan branch and it was quite tasty but here in shyamoli branch it s the opposite,negative,positive,0.972532331943512,0.027467675507068634,0.972532331943512
good but beef option is even better,negative,positive,0.9724969267845154,0.02750309556722641,0.9724969267845154
but the taste always satisfies,negative,positive,0.972434937953949,0.027564993128180504,0.972434937953949
order was extremely delayed extremely disappointing,positive,negative,0.9723580479621887,0.9723580479621887,0.027641961351037025
few months ago tader lassi ato baje hoyechilo bole ami order korini maybe months but seems like ekhon onek improve hoyeche finally abar daily order korte parbo,positive,negative,0.9722095727920532,0.9722095727920532,0.02779046818614006
the vanilla cake was the test thank you,negative,positive,0.972190260887146,0.027809765189886093,0.972190260887146
they delivered one item wrong,positive,negative,0.9719378352165222,0.9719378352165222,0.0280621200799942
taste and quantity can be improved decent,negative,positive,0.9719181656837463,0.028081852942705154,0.9719181656837463
the fresh fries are stale most of the time,positive,negative,0.9718177318572998,0.9718177318572998,0.028182297945022583
thai soup quantity ato kom aituku batir ordhek voreni tobe taste was good and all instructions were followed,negative,positive,0.9715416431427002,0.028458362445235252,0.9715416431427002
the food was very tasty but the amount of oil was very high,negative,positive,0.9715262055397034,0.028473852202296257,0.9715262055397034
have ordered pieces of bucket and they provide me same pieces they should have sent me atleast different kind,positive,negative,0.9714385867118835,0.9714385867118835,0.02856145054101944
the rice chicken vegetable was fine and tastes good but the chicken fries were too small,negative,positive,0.9713757038116455,0.02862434834241867,0.9713757038116455
all mutton pc were bones and one packet rice was also given less,positive,negative,0.9713656902313232,0.9713656902313232,0.028634313493967056
jar cake e cake kom cream besi diye lok thokano ta sarun cake toh khasse na jno cream khasee r excess chini je food blogger chamcha gulo bole ttreat r cake best thappor mara uchit,positive,negative,0.9713167548179626,0.9713167548179626,0.028683293610811234
chepa onion ta onk moja cilo mukhe lege thakar moto sad,negative,positive,0.971210777759552,0.02878914214670658,0.971210777759552
smokey chicken sandwich should be more cheesy they should add more chicken on it but overall it was good,negative,positive,0.9708903431892395,0.02910962887108326,0.9708903431892395
the amount of filling and chicken is decreasing day by day they never put lettuces like the pictures,positive,negative,0.9708898663520813,0.9708898663520813,0.0291101336479187
i am tomorrow tomorrow pm food wader confirmed and money and given but why i still not received my food your cheater,positive,negative,0.9707740545272827,0.9707740545272827,0.029225924983620644
beef pieces were very small bone with tiny beef pieces very less amount,positive,negative,0.9705348014831543,0.9705348014831543,0.02946513704955578
the quality of the food is very good if you order one you will get another,negative,positive,0.9704449772834778,0.029554974287748337,0.9704449772834778
noodles was great but the pasta was not that good,negative,positive,0.970316469669342,0.02968355268239975,0.970316469669342
alu vagi aroo chikun kuchi kuchi hobey and poriman a aroo ektu besi diben,negative,positive,0.9701536297798157,0.029846396297216415,0.9701536297798157
ager motto taste nai potatoes wage furai faltu,positive,negative,0.9701244831085205,0.9701244831085205,0.029875585809350014
my ordered sauce was missing but paid it fully,positive,negative,0.9699438810348511,0.9699438810348511,0.030056096613407135
i found only pieces of mutton in the mutton jhal,positive,negative,0.9697684645652771,0.9697684645652771,0.030231565237045288
foods were not tasty as expected it should be improved more n more taste was monotonous another complain i ahve that they serve rui instead of boal as ordered so disappointing,positive,negative,0.9697385430335999,0.9697385430335999,0.030261432752013206
nothing special packaging is excellent one of the waffles had a weird smell not ordering again,negative,positive,0.9696412682533264,0.03035878762602806,0.9696412682533264
the packaging is very bad everything is spoiled by the broth,positive,negative,0.9696303009986877,0.9696303009986877,0.030369682237505913
this and the nazirabazar branch does somewhat justice to the dishes in terms of taste and portion rest of the branches are either fake or terribly managed,positive,negative,0.9695632457733154,0.9695632457733154,0.030436689034104347
ordered lihams but received very nice,negative,positive,0.9694449305534363,0.030555086210370064,0.9694449305534363
improve your quantity quality is perfect but quantity isn t you guys have increased the price of the dishes because of inflation understandable but the size of the chickens decreased i love bfc,negative,positive,0.9693796038627625,0.0306203942745924,0.9693796038627625
best sultan dine for kachchi so it is better to eat them without wasting money the amount of meat is one pitch which is very small which does not go with the price,negative,positive,0.9692864418029785,0.030713608488440514,0.9692864418029785
chicken was dry quantity of garlic aioli was very little compared to the price charged and was packaged badly so all of it ended up spilled all over the bag by the time it was delivered,positive,negative,0.9692550897598267,0.9692550897598267,0.03074498288333416
food good chicken piece differs badly,negative,positive,0.9692137241363525,0.030786242336034775,0.9692137241363525
burgers were bad each time the quality was so bad that i couldn t eat it the bread and the meat was not good either it was a kind of fraud on the customer,positive,negative,0.969046950340271,0.969046950340271,0.030953098088502884
very stingy with portion size but tastes good,negative,positive,0.9688056111335754,0.031194375827908516,0.9688056111335754
the food is very bad the inside is cold and the amount of meat is nothing the amount of sauce was less the burger was small but the prize was more,positive,negative,0.9687170386314392,0.9687170386314392,0.03128296881914139
pepsi pai nai kno ba dilen na kno,positive,negative,0.9684602618217468,0.9684602618217468,0.031539756804704666
rice ta are ektu better korle valo hoi,negative,positive,0.9682086110115051,0.031791310757398605,0.9682086110115051
quality is good,negative,positive,0.9681175351142883,0.031882405281066895,0.9681175351142883
they take a lot of time to prepare food had to wait for mins this is disappointing however food was full of flavours,positive,negative,0.9677529335021973,0.9677529335021973,0.03224710002541542
only tikke sather salaad ta onk baje,positive,negative,0.9674387574195862,0.9674387574195862,0.03256131336092949
meat was not good in kacchi borhani was worst,positive,negative,0.9673640727996826,0.9673640727996826,0.032635852694511414
the burger was very good but karian matter was fair,negative,positive,0.9673287272453308,0.0326712429523468,0.9673287272453308
although i have heard good reviews about herfy the crispy chicken burger made me sick i am still willing to try them out a few more times,negative,positive,0.9672513008117676,0.03274870663881302,0.9672513008117676
onara sob somoy jhol salad kom dey boila dewar por o akdom baje sobab,positive,negative,0.9671119451522827,0.9671119451522827,0.032888103276491165
chicken sandwich ekdom same as picture peyesi oneke picture dekhai ek rokom khabar dei arek rokom thnx for the fresh food,positive,negative,0.9670807123184204,0.9670807123184204,0.03291928023099899
amar ajke fever hoise chinta korlam set meal order kori order korsi khabar ashche kintu fever jonno mukhe ar taste nai ato mon kharap hoise,positive,negative,0.9666376113891602,0.9666376113891602,0.033362384885549545
i told them not to use onion and the food was totally onion free starts for that,positive,negative,0.9664201140403748,0.9664201140403748,0.03357982635498047
nothing is good there but faluda faluda is too good,negative,positive,0.966385543346405,0.03361443057656288,0.966385543346405
their nun was hard like metal and instead of salad they gave only runny curd,positive,negative,0.9663460850715637,0.9663460850715637,0.03365388885140419
chicken chaap is very dry and additional spices are too small in quantity,positive,negative,0.9662636518478394,0.9662636518478394,0.03373636305332184
the beef kabab is far too salty doesn t taste like bar bq tonite not the way it used to,positive,negative,0.9660409688949585,0.9660409688949585,0.033959031105041504
the quality of this food was not good only rice no meat no meat here the price of the food would have been rupees,positive,negative,0.9653627276420593,0.9653627276420593,0.034637343138456345
i gave normal grill and barbecued it with broth if i wanted to eat barbecue i would order it why did you give sweet things in jhal,positive,negative,0.965056836605072,0.965056836605072,0.03494318202137947
ordered glazed donut but they sent strawberry instead,positive,negative,0.9649410843849182,0.9649410843849182,0.03505896031856537
it was good but the mushroom was less than the other day still good,negative,positive,0.9648052453994751,0.0351947620511055,0.9648052453994751
burgers were good,negative,positive,0.9647570848464966,0.035242971032857895,0.9647570848464966
items were delivered wrong ordered doi but got firni,positive,negative,0.9647429585456848,0.9647429585456848,0.03525702282786369
chui jhal is waste of money kacchi was amazing,negative,positive,0.9646651744842529,0.035334791988134384,0.9646651744842529
value for money,negative,positive,0.9645951986312866,0.035404764115810394,0.9645951986312866
took the chicken combo burger had too much sauce but it tasted okay also the sauce had a very weird smell to it i m glad the drink was cold,positive,negative,0.9644656777381897,0.9644656777381897,0.03553437814116478
today the mutton piece was very small piece gosh is divided into pieces sultan dain wondered if it was really a piece of mutton,positive,negative,0.9644255042076111,0.9644255042076111,0.03557446599006653
very bad haleem,positive,negative,0.9644092321395874,0.9644092321395874,0.0355907678604126
vegetable ta clearly show kora uchit jate order deyar somoy amon order na deya hoy jaita keu kay na jemon korola baji,positive,negative,0.9643648862838745,0.9643648862838745,0.03563513979315758
their chicken fry chicken pop and chicken salad are good other items are bogus,negative,positive,0.9640476703643799,0.03595226630568504,0.9640476703643799
dom berani actu o valo cilo na akdom normal kawa o jasche na,positive,negative,0.9639556407928467,0.9639556407928467,0.03604435920715332
shob curry te black pepper beshi beshi deya i thought shudhu common gulay beshi ordered mushroom chicken fantastic ingredients but eto gol morich er overdose bhai ektu control,negative,positive,0.9638557434082031,0.03614421561360359,0.9638557434082031
packaging was worst they sent my coffee in polythene,positive,negative,0.9637246131896973,0.9637246131896973,0.03627531975507736
chicken pcs was not good whole bone there was no meat without curry,positive,negative,0.9634422659873962,0.9634422659873962,0.03655778244137764
kacha shandesh was not fresh got smelly after one day,positive,negative,0.9633907079696655,0.9633907079696655,0.036609336733818054
found a piece of cardamon in the sour flavored sauce which was about to ruin the whole meal not spciy at all,positive,negative,0.963200569152832,0.963200569152832,0.03679943457245827
shish tawook sandwich roll won t complete much about the taste but the size medium sized one costs almost tk which hardly fills your stomach they may increase the size and make the money worth,positive,negative,0.9631557464599609,0.9631557464599609,0.03684427589178085
every time everything is perfect but today the chicken had a sour taste which i didn t like and everything was good,negative,positive,0.9627441167831421,0.03725588321685791,0.9627441167831421
the mousse was trash,positive,negative,0.9626160860061646,0.9626160860061646,0.03738389164209366
i ordered cheese burger but i got regular burger,positive,negative,0.9625974297523499,0.9625974297523499,0.03740260750055313
tanada hoiye gece r sate chatni order korce oita dewa hoini r parcel dile packet a kom dewa hoi,positive,negative,0.9625455737113953,0.9625455737113953,0.03745439276099205
it s fun,negative,positive,0.9624757170677185,0.037524349987506866,0.9624757170677185
ato dari kore na ki,positive,negative,0.9624661803245544,0.9624661803245544,0.03753380849957466
i ordered full grill chicken with parathas but they gave me only one packet of sauce they could give me at least packets but overall food was good,negative,positive,0.9624502658843994,0.0375497005879879,0.9624502658843994
amr khub e prosnder akta restaurant joto bar khabar order korci potibar e vlo cilo,positive,negative,0.9622905254364014,0.9622905254364014,0.03770948573946953
akta chicken fry soho fried rice order disilam fried rice disen chicken fry den nai,positive,negative,0.9620926380157471,0.9620926380157471,0.03790733963251114
i have ordered from this outlet a couple of times and there is always something missing from my order,positive,negative,0.9619802236557007,0.9619802236557007,0.03801974654197693
he s good,negative,positive,0.9614168405532837,0.0385831855237484,0.9614168405532837
the bhaji was a bit sandy,negative,positive,0.9610216617584229,0.038978319615125656,0.9610216617584229
i ordered so much money and did not give a little salad but good,positive,negative,0.9609892964363098,0.9609892964363098,0.03901074454188347
it was tk order but there was full of goat bone and big size potatoes it s very disappointing although thanx for piece solid mutton,positive,negative,0.9607547521591187,0.9607547521591187,0.03924528881907463
fuchka blo chilo bttt wedges golo ekdomi baje chilo,positive,negative,0.9605501890182495,0.9605501890182495,0.03944979980587959
pizza got cold and the crust was too dry,positive,negative,0.9601181745529175,0.9601181745529175,0.03988185152411461
tikka gulo basi poca gondho ber hocchilo,positive,negative,0.9600107073783875,0.9600107073783875,0.03998928517103195
i ordered at pm and received the food at pm food is always ready in lalbag and it s very close to my home so waiting for over minutes was shocking and disappointing but the food was good,positive,negative,0.9594810009002686,0.9594810009002686,0.04051905870437622
wrong item delivered,positive,negative,0.9593449234962463,0.9593449234962463,0.04065505042672157
i ordered two donuts but they put the donuts in one box and they got stuck together,positive,negative,0.9593287110328674,0.9593287110328674,0.04067132622003555
brother yesterday i had an order from you and i have paid the money but i have not received the food,positive,negative,0.959251344203949,0.959251344203949,0.040748681873083115
disappointed with mutton size,positive,negative,0.9585381150245667,0.9585381150245667,0.041461870074272156
i was charged more delivery charge as shown in the app can you please investigate this matter,positive,negative,0.9584226608276367,0.9584226608276367,0.041577260941267014
it is better to take the food instantly but the customer care of food panda is worst than anything very bad experience,positive,negative,0.9584189653396606,0.9584189653396606,0.04158106818795204
could be more tasty for tk chowemin quantity should be more,negative,positive,0.9581893086433411,0.041810762137174606,0.9581893086433411
the chap and luchi were okay for me,negative,positive,0.9579665064811707,0.04203355312347412,0.9579665064811707
smoothie deserve bt qq is so bad str,positive,negative,0.9579002261161804,0.9579002261161804,0.04209977760910988
only cookies and simple bagels ordered showed preparing for almost two hours they are ready items not cooked after order has been placed so why the reluctance home delivery not important,positive,negative,0.9577322006225586,0.9577322006225586,0.042267780750989914
need more improvement for quality and quantity thank you,negative,positive,0.957685649394989,0.04231438413262367,0.957685649394989
tasty but too high price considering food amount,negative,positive,0.9569323658943176,0.04306760057806969,0.9569323658943176
ami nd time order korlam same food aage jokhn order korecilm tokhn taste of food and quantities was so good than ajker food,negative,positive,0.9567325711250305,0.04326751083135605,0.9567325711250305
it was good to eat soup but it can be done better,negative,positive,0.9563769698143005,0.043623022735118866,0.9563769698143005
very late delivery delivered after hour of receiving order,positive,negative,0.9563599228858948,0.9563599228858948,0.04364008083939552
ordered khichuri food was fresh taste average packaging good delivery timing was good as homemade requests to maintain and improve standards,negative,positive,0.9563105702400208,0.04368946701288223,0.9563105702400208
i didn t get aloo bharta in the set menu instead maybe the corolla bhaji is less in quantity the quality of the roll is poor and the size is small the price of cken jhal curry pcs with corola bhaji is more even if cken jhal cur pcs with corola is taken extra,positive,negative,0.9549902677536011,0.9549902677536011,0.045009683817625046
chicken roast is too small but the acne is best,negative,positive,0.9547715783119202,0.04522836208343506,0.9547715783119202
the food was cold not bfc standard,positive,negative,0.9545535445213318,0.9545535445213318,0.04544641450047493
everyone can cook meat but there is an artistic element in cooking vegetables and not everyone wants to cook vegetables not even the aunts who are hired to cook and there is no word of vegetables in hotels and restaurants,positive,negative,0.954415500164032,0.954415500164032,0.0455845408141613
khabar khoob mojadar chilo tk package order korsilam tobe matro takar jonne apnader offer ta nite pari ni ashole ami bujhte parini,positive,negative,0.9543945789337158,0.9543945789337158,0.04560541361570358
everything was fine only they forgot to put mayonnaise with the pizza i ordered extra mayonnaise and didn t get it either but i have ordered many times from prince burger it happened first unintentional wrong eye gauge,positive,negative,0.9543807506561279,0.9543807506561279,0.04561925679445267
st day ar khabar vlo cilo ajkar ta o vlo e,negative,positive,0.9540014266967773,0.045998550951480865,0.9540014266967773
turffle fried wings chicken sub sandwich cold coffee but i told them to give mayo sauce with the fried wings sub sandwich bt they didn t give any sauce that s disappointing,positive,negative,0.9539035558700562,0.9539035558700562,0.046096477657556534
there was far of chicken i feel so bad about that,positive,negative,0.9538795948028564,0.9538795948028564,0.04612043872475624
taste was good but quantity is very miseraboe according to price they should keep it in mind,negative,positive,0.9537898898124695,0.04621006175875664,0.9537898898124695
they provided piece of meat and not proper peice,positive,negative,0.9537635445594788,0.9537635445594788,0.046236421912908554
burger had very less chicken and i ordered noddles but they delivered mix of rice and noodles also tasle of the food needs yo be developed,positive,negative,0.9537080526351929,0.9537080526351929,0.046291984617710114
i ordered pcs of fried chicken pc was too small,positive,negative,0.9534459114074707,0.9534459114074707,0.0465540885925293
i have complained to the one who delivered the food because he did not return my change of taka he said he has no change for taka and he will just return back but he did not come back,positive,negative,0.953319251537323,0.953319251537323,0.0466807559132576
the amount of chicken in chicken khichuri was less the chicken in the chicken soup is not cooked with the soup separately fried chicken in oil and mixed with soup pieces of very small size in each soup,positive,negative,0.9532893896102905,0.9532893896102905,0.04671068862080574
it was so bad,positive,negative,0.9529773592948914,0.9529773592948914,0.04702258110046387
i clearly mentioned to keep the kusum of dim pos to be soft but it was hard they added color to halwa but in the picture food color was not added and i prefer food without food color,positive,negative,0.9528583884239197,0.9528583884239197,0.047141607850790024
i did not expect that the food was cooled even after an hour,positive,negative,0.9527465105056763,0.9527465105056763,0.04725346341729164
size arektu boro hole valo hoto,negative,positive,0.9519392848014832,0.04806072637438774,0.9519392848014832
kfc rmc one is far better and professional,negative,positive,0.9518230557441711,0.04817689582705498,0.9518230557441711
good but quantity is so less,negative,positive,0.9515969753265381,0.048403043299913406,0.9515969753265381
good but need to improve,negative,positive,0.9515320062637329,0.04846801981329918,0.9515320062637329
the price is a bit high for the quality earlier the quality was much better and the price was also lower since last one year the quality has become very bad and they are increasing the price,positive,negative,0.95140141248703,0.95140141248703,0.04859859496355057
vegetable with dal taste good,negative,positive,0.9511815309524536,0.04881846904754639,0.9511815309524536
quantity of everything was very poor egg fried rice had a whole omelette on top vegetables had more soup than actual vegetables and sizzling tasted like a bland beef curry with no flavor of sizzling,positive,negative,0.9510771632194519,0.9510771632194519,0.048922792077064514
cake was very good but sandwich is wrost,negative,positive,0.9506747126579285,0.049325358122587204,0.9506747126579285
food was warm fresh rice qty was eduquate but the meat size is not acceptable with this price range even whenever i had an experience to dine in their restaurant i got a fine portion of meat,negative,positive,0.9506677985191345,0.049332160502672195,0.9506677985191345
stars for quantity,negative,positive,0.9505884051322937,0.04941161349415779,0.9505884051322937
increase the price and reduce the quality,negative,positive,0.9503088593482971,0.04969119280576706,0.9503088593482971
taste not as usual may be it was stale,positive,negative,0.9501888155937195,0.9501888155937195,0.049811236560344696
poor packaging french fries were all over the food please have some proper takeaway boxes,positive,negative,0.9500255584716797,0.9500255584716797,0.049974385648965836
it was good but it takes time,negative,positive,0.9498655200004578,0.05013446882367134,0.9498655200004578
teriyaki chicken had no sauce and some condiments were missing from bento box,positive,negative,0.9495563507080078,0.9495563507080078,0.0504436120390892
brioche bun was bad,positive,negative,0.9494861960411072,0.9494861960411072,0.05051382631063461
i received halua instead of bhaji,positive,negative,0.949432909488678,0.949432909488678,0.050567127764225006
ordered tandoori chicken rice bowl but the meat was nowhere tasted like tandoori i ordered before it was tasty but this time it just like fried chicken,negative,positive,0.9493029713630676,0.05069698020815849,0.9493029713630676
gave bad food,positive,negative,0.9491938352584839,0.9491938352584839,0.05080609768629074
don t lower the portion the meatbox is already so expensive if the amount is lowered it ll be waste,positive,negative,0.9488881826400757,0.9488881826400757,0.051111865788698196
al arabian and cake town s toenail worthy and cake city s savory items rolls sandwiches but the price is almost the same as cake town and arabian you should look at the food test quality,negative,positive,0.9486437439918518,0.05135630816221237,0.9486437439918518
ok ok grill chicken and nun roti,negative,positive,0.9484103322029114,0.05158964917063713,0.9484103322029114
haddi ato kn vai,positive,negative,0.9482966065406799,0.9482966065406799,0.05170341208577156
rice was sticky and watery not dry improve your rice,positive,negative,0.9474706053733826,0.9474706053733826,0.0525294691324234
gave me latte instead of cappuccino,positive,negative,0.947034478187561,0.947034478187561,0.052965547889471054
was pretty stale,positive,negative,0.9468672871589661,0.9468672871589661,0.05313267558813095
food quality not good very dry sous ve ru,positive,negative,0.94668048620224,0.94668048620224,0.053319528698921204
bun is very hard,positive,negative,0.9465627074241638,0.9465627074241638,0.05343735218048096
fresh looks good but could be better,negative,positive,0.9465027451515198,0.05349723994731903,0.9465027451515198
chicken er obostha khub e kharap chilo na valo pices deoya hoyechilo na tmn testy chilo even chicken ta thik moto dhuye ranna kora hoyechilo na poshom chilo,positive,negative,0.9459577798843384,0.9459577798843384,0.054042235016822815
the rice was like plain rice and it was tasteless and not good with he chicken pls change to normal polau rice for the rice and chicken but over all,positive,negative,0.9456431865692139,0.9456431865692139,0.05435682088136673
my good system got upset after seeing the packing and the sash opened and everything got fried leora,negative,positive,0.945355236530304,0.05464468523859978,0.945355236530304
everything is fine the size is a little small,negative,positive,0.9452259540557861,0.05477409437298775,0.9452259540557861
love their food quality as always but half of the cold coffee spilled,negative,positive,0.9452044367790222,0.054795533418655396,0.9452044367790222
i don t know what they send instead of roast,positive,negative,0.9450350403785706,0.9450350403785706,0.05496499687433243
there is good,negative,positive,0.9449619650840759,0.055037982761859894,0.9449619650840759
am not getting why they serve cold pizza,positive,negative,0.9448803663253784,0.9448803663253784,0.05511961877346039
it would be better if it was better and it would have been better if the jhal was a little less,negative,positive,0.9448737502098083,0.055126290768384933,0.9448737502098083
ordered extra spicy but the provided the normal one,positive,negative,0.9444820284843445,0.9444820284843445,0.05551798269152641
it was good butdisappointed as i don t likeburger without lettuce pata,negative,positive,0.9444577097892761,0.05554236099123955,0.9444577097892761
fruit portion gets cut by half every time i reorder very interesting and obnoxious,negative,positive,0.9444330334663391,0.05556701496243477,0.9444330334663391
there is a lot of difference between the taste of their restaurant directly and the delivery of online order,positive,negative,0.9443848729133606,0.9443848729133606,0.055615104734897614
it was good but took a long time to prepare thank you,negative,positive,0.9443736672401428,0.05562635138630867,0.9443736672401428
it was okay i mean could have gotten my food faster to my home but the food was good,negative,positive,0.9440829157829285,0.05591714754700661,0.9440829157829285
the meal was fantastic but it took one hour even though my appointment is blocks from the restaurant,negative,positive,0.9439038038253784,0.056096214801073074,0.9439038038253784
the soup had a lard like smell,positive,negative,0.9438667297363281,0.9438667297363281,0.056133221834897995
maionus kom disa agar mota sad hoi nai,positive,negative,0.9437861442565918,0.9437861442565918,0.05621381849050522
like there very good last year now the quality n quantity is less n suace was less too this year so it better if they put some more effort,negative,positive,0.9437519311904907,0.05624804645776749,0.9437519311904907
gd but let,negative,positive,0.9437403678894043,0.05625958740711212,0.9437403678894043
lilbit extra oil spoil the test of cake,positive,negative,0.9435484409332275,0.9435484409332275,0.05645159259438515
good but the quantity of sauce was too poor hope it will be fine next time,negative,positive,0.943501353263855,0.05649864673614502,0.943501353263855
thanda pizza delivery deyar jnno thanks keep doing it best wishes,negative,positive,0.9433576464653015,0.05664236843585968,0.9433576464653015
coffee bhaloi kintu delivery er lok onek dure chole geselo ken jani coffee er shob borof gole gese ar ui amake taka chira dise ar taka rekhe dise karon or kase bhangti nai karo kasei thake na,positive,negative,0.943261444568634,0.943261444568634,0.05673852562904358
pretty much everything was good including the test but the amount of rice was very low the chicken was also small,negative,positive,0.9429593682289124,0.05704061686992645,0.9429593682289124
everything was good and tasty but the amount of salads was so low there wasn t even a piece of lemon,negative,positive,0.942697286605835,0.057302672415971756,0.942697286605835
the meat is not good sao bone and bone,positive,negative,0.9426007866859436,0.9426007866859436,0.057399146258831024
the amount of tasting salt salt in potato wedges should be reduced then it will be delicious,negative,positive,0.9424739480018616,0.05752607434988022,0.9424739480018616
i want leg pc they gave a very small size breast pc roast,positive,negative,0.9423052668571472,0.9423052668571472,0.05769471824169159
spice mixture was ok grilled chicken but i found a portion not cooked,positive,negative,0.9421679377555847,0.9421679377555847,0.05783207714557648
the yogurt was in the freezer too long it was like ice but taste was good afterwards,negative,positive,0.9421018958091736,0.0578981451690197,0.9421018958091736
the ruti was burnt slightly,positive,negative,0.9419010877609253,0.9419010877609253,0.058098871260881424
my tastebuds are not like typical bangladeshi the food was not salty and spicy i am so glad they got the spices dialed down will order again even on eid day they delivered within min,positive,negative,0.9417843818664551,0.9417843818664551,0.05821562185883522
chizza was mindblowing the slogan couldn t fit any better all chicken no crust,positive,negative,0.9415308833122253,0.9415308833122253,0.05846911296248436
aaro better kore package korbeb and khabar er taste tar dikeo valo kore lokkho korben asha kori next time valo hobe,negative,positive,0.9413390159606934,0.05866094306111336,0.9413390159606934
the amount of meat in tehari was very low,positive,negative,0.941169798374176,0.941169798374176,0.05883023142814636
they do not put good mutton peaces in online order,positive,negative,0.941106915473938,0.941106915473938,0.058893073350191116
it was very sweet i personally don t like sweets too much for me it was way too sweet,positive,negative,0.9409406185150146,0.9409406185150146,0.05905934050679207
the amount is very less and due to the rider s wrong delivery one hour more late,positive,negative,0.9409360885620117,0.9409360885620117,0.059063926339149475
they delayed my order bu at least mins unexpected,positive,negative,0.9408714175224304,0.9408714175224304,0.05912864953279495
shakh na diye begun vorta eta kmn rules,positive,negative,0.9407737851142883,0.9407737851142883,0.05922616645693779
since coarse rice khichuri vegetable khichuri would have been fun,negative,positive,0.9407382607460022,0.0592617504298687,0.9407382607460022
good in name not in quality,negative,positive,0.940721333026886,0.05927860736846924,0.940721333026886
the bill came to tk i gave the total tk he said he would get tk on the contrary he left without returning weird,positive,negative,0.940500795841217,0.940500795841217,0.05949918180704117
very very late rather food was good,negative,positive,0.9404651522636414,0.05953487008810043,0.9404651522636414
taste ar aager moto nai,positive,negative,0.9403774738311768,0.9403774738311768,0.059622496366500854
their foods were delicious no doubt but they gave me butter bun less when i ordered there are pieces butter bun altogether taka at their menu i ordered that item number so their fault,positive,negative,0.940318763256073,0.940318763256073,0.059681203216314316
good potato wedges but price ta onek beshi kore felse order daoa komiye diyechi,negative,positive,0.9401442408561707,0.05985575541853905,0.9401442408561707
tasty but preparing very long time,negative,positive,0.9401081204414368,0.05989193916320801,0.9401081204414368
cheez thakte onno jayga theke order kora just taka waste cheez,positive,negative,0.9399569034576416,0.9399569034576416,0.06004311144351959
mutton tehari te meat er quantity ekbare nai bollei chole shudhu haddi r tel chorbi,positive,negative,0.9398111701011658,0.9398111701011658,0.06018881872296333
vai apnader aikhane dalivari debar somoy amon hoile ki hobe thik moto dalivari discyna akhon ki acy tahole phn den amake,positive,negative,0.9397804141044617,0.9397804141044617,0.06021951884031296
rice would be good,negative,positive,0.93973708152771,0.06026291847229004,0.93973708152771
desipointing for me sh was best place for paste pizza but now qulaity was so desipointing,negative,positive,0.9397215843200684,0.060278452932834625,0.9397215843200684
beef teheri meat was rotten,positive,negative,0.9393188953399658,0.9393188953399658,0.060681138187646866
i ordered chicken polao teheri and one roasted khichuri and tatheri and a small packet of roasted khichuri are coming the food was fun and the meat was good,negative,positive,0.9392868876457214,0.06071305647492409,0.9392868876457214
there s barely any chicken in chicken toast and malai in malai jilapi,positive,negative,0.9390748143196106,0.9390748143196106,0.06092514470219612
beef boti kabab ekdom e sheddho hoy nai lobon o km hoise ekdom,positive,negative,0.9390652775764465,0.9390652775764465,0.06093476712703705
the qty of the food is very poor compared to the other restaurants,positive,negative,0.9389437437057495,0.9389437437057495,0.06105630099773407
few days back i ordered bbq beef burger but instead they gave me a chicken burger a few days back and yesterday i ordered extra spicy bbq beef burger but it was not spicy at all,positive,negative,0.9386337995529175,0.9386337995529175,0.061366163194179535
packaging was very bad,positive,negative,0.9385481476783752,0.9385481476783752,0.06145185977220535
usage in rider is bad enough i will never order again very badly used,positive,negative,0.9383427500724792,0.9383427500724792,0.061657216399908066
khabar ta bashi chilo r chicken pis kore diya bit alws pic diya hoto,positive,negative,0.938306450843811,0.938306450843811,0.06169351935386658
the burger was preferable among all i think i ordered items but got only pc burger is one item chicken roll egg chop chicken chop noddles these i got items there was no egg paratha roll,positive,negative,0.9381915330886841,0.9381915330886841,0.061808500438928604
chicken was not up to the mark and lotpoti was full of potato alu bhorta didn t seem fresh,positive,negative,0.9381371736526489,0.9381371736526489,0.06186281889677048
taste was amazing but the portion not so much,negative,positive,0.93804931640625,0.06195075809955597,0.93804931640625
food quality very less,positive,negative,0.9380357265472412,0.9380357265472412,0.06196422129869461
quality and taste is going down day by day,positive,negative,0.9380218982696533,0.9380218982696533,0.06197809427976608
increase quality and quantity age best burger khaile lunch or dinner hoye jeto ekhn patty patla kora hoyeche,negative,positive,0.9375565052032471,0.06244346499443054,0.9375565052032471
food is alright the fries arent the best some of them are even undercooked but its fine at the price point its nothing special bunch of fried food with sauce their cheese balls are pretty good,negative,positive,0.9374714493751526,0.06252855062484741,0.9374714493751526
it s was well but not good enough on below thoughts no salad at all our of pcs of tiny meat found pcs of bone the taste was very good and the aroma too,positive,negative,0.9374050498008728,0.9374050498008728,0.0625949576497078
rice undercooked but meat is highly recommended,negative,positive,0.9371139407157898,0.06288611143827438,0.9371139407157898
always good but ajker chicken piece ta choto chilo,negative,positive,0.9370107054710388,0.0629892498254776,0.9370107054710388
previous food was good,negative,positive,0.9369326233863831,0.06306742131710052,0.9369326233863831
it s partly mediocre and partly good the bun could ve been crunchier the patty was good but man even though burgers from here are decent they are certainly overpriced af,negative,positive,0.9367047548294067,0.06329526752233505,0.9367047548294067
it s good but a little too sweet for me,negative,positive,0.9366198182106018,0.06338012963533401,0.9366198182106018
porota gula khube sokto and oil chara cilo valo cilo na,positive,negative,0.9358777403831482,0.9358777403831482,0.06412222981452942
burger was good rice bowl yuck,negative,positive,0.9357337355613708,0.06426618248224258,0.9357337355613708
only the olive juice was excellent tarmarind juice was okay and woodapple sweet juice was not that good should improve,negative,positive,0.9354730844497681,0.06452689319849014,0.9354730844497681
i order pizza from here a lot but yesterday when i ordered pizza the dough was so much dry and hard it tasted really bad yesterday because of the dough except for yesterday the pizza is really good,positive,negative,0.9353575110435486,0.9353575110435486,0.0646425113081932
it took almost an hour to receive my order and the amount of dhala khichuri the restaurant served was not enough while the price is too high,positive,negative,0.9352846145629883,0.9352846145629883,0.0647154226899147
cheese meat barrel aka meatbox baki restaurant er theke taka beshi but the quality is better french fries diye bhora na ase thikei jodio ektu wierd hole o ami eta bhaat diye khai khub tes,positive,negative,0.9352419972419739,0.9352419972419739,0.0647580623626709
apnara alu porotar modde alu den na kno alu to sosta,positive,negative,0.9352288246154785,0.9352288246154785,0.0647711306810379
i kinda like their biryani items not greasy and not spicy their jali is really aromatic good food,positive,negative,0.9352193474769592,0.9352193474769592,0.06478061527013779
they served me with wrong food but food taste was very good,negative,positive,0.9352169632911682,0.06478302925825119,0.9352169632911682
onk beshi spicy aktu spicy kom hole vlo hobe but khub e testy,negative,positive,0.935056209564209,0.06494379043579102,0.935056209564209
french fries quality shot down drastically,positive,negative,0.9349378347396851,0.9349378347396851,0.06506222486495972
good they are taking too much time and their food quality not so good,negative,positive,0.9345302581787109,0.06546971201896667,0.9345302581787109
quantity is very poor,positive,negative,0.9344834089279175,0.9344834089279175,0.06551655381917953
rice er poriman khuboi kom chilo chiken fried aro cripsy houa uchit chilo otherwise alhamdulillah good,negative,positive,0.9344115853309631,0.06558842211961746,0.9344115853309631
at least caramelise or sprinkle salt on mushrooms it tasted bland,positive,negative,0.9343789219856262,0.9343789219856262,0.06562107056379318
the food was dry and blunt in taste,positive,negative,0.934114396572113,0.934114396572113,0.06588559597730637
best burger doesn t taste like before anymore too dry no cheese or lettuce was there,negative,positive,0.9337101578712463,0.06628983467817307,0.9337101578712463
tk sandwich was really good in my opinion but the tk sandwich wasn t that good and it was a little too much spicy,negative,positive,0.9336422085762024,0.06635782122612,0.9336422085762024
too much pricey but taste is good according to taste tandoori chicken platter with rice but according to price it would be,negative,positive,0.9335492849349976,0.06645072251558304,0.9335492849349976
food was so cold,positive,negative,0.9334632158279419,0.9334632158279419,0.06653687357902527
the quantity of pastas were too low didn t feel like it s worth of taka,positive,negative,0.9333919286727905,0.9333919286727905,0.06660806387662888
actually bangladesh know how to eat does food know that in cheap times cheap public eats mutton tehari hey this is pakki biryani tehari new new bangal bangal changgal dhahay aisa ruining everything,positive,negative,0.9333861470222473,0.9333861470222473,0.06661388278007507
quantity was good,negative,positive,0.9332890510559082,0.06671098619699478,0.9332890510559082
the price is high and the quality of the food is not good,positive,negative,0.9332742691040039,0.9332742691040039,0.0667257085442543
order delay which was unexpected hour minutes late,positive,negative,0.9327048063278198,0.9327048063278198,0.06729523837566376
i need it home delivery,negative,positive,0.9325628280639648,0.06743711233139038,0.9325628280639648
hafshi quality is getting worse,positive,negative,0.9320833086967468,0.9320833086967468,0.06791675835847855
not good khabar bashi chilo kalkei first time nichi valo asha korechilam,positive,negative,0.9316845536231995,0.9316845536231995,0.06831551343202591
sobi thik chilo sudhu mangse chul na dilei hoto,positive,negative,0.9312596321105957,0.9312596321105957,0.06874038279056549
salad dile vhlo hoto,negative,positive,0.9312524795532227,0.06874749064445496,0.9312524795532227
pizza valo cilo kintu delivery man jrno pizza r oporer sobgula oltapalta hoy gese pizza keiyee moja painai,negative,positive,0.9312390685081482,0.06876096874475479,0.9312390685081482
gives good or previous food,negative,positive,0.9311521053314209,0.06884781271219254,0.9311521053314209
poor in quantity,positive,negative,0.93100506067276,0.93100506067276,0.06899496912956238
they didn n give any chui jhal at all,positive,negative,0.9309095144271851,0.9309095144271851,0.06909055262804031
soup was amaaaaazing but prawn was disgusting i just hated it chicken was ok,positive,negative,0.9308616518974304,0.9308616518974304,0.06913837045431137
the chicken pieces were dry otherwise it was okay but as chicken was the main part it should have been a bit better and juicy,negative,positive,0.9306067228317261,0.0693933293223381,0.9306067228317261
i ordered chicken tikka but they gave me chicken grill food was ok but orders have to be correct besides that tikka costs more than the grill,positive,negative,0.9305338263511658,0.9305338263511658,0.06946615129709244
food was good but too pricey,negative,positive,0.9303024411201477,0.06969750672578812,0.9303024411201477
khabar ta gorom thkle bhlo hoito,negative,positive,0.9298932552337646,0.07010676711797714,0.9298932552337646
the bread size is small need good size like chillox,negative,positive,0.9294627904891968,0.07053717225790024,0.9294627904891968
the wedges are basically raw,positive,negative,0.929326057434082,0.929326057434082,0.07067390531301498
i had ordered supreme cheese burger but they gave me a best burger,negative,positive,0.9289382696151733,0.07106173783540726,0.9289382696151733
caption e lekha you ll know why people love it so much instead of the ingredients but to my horror i was utterly confused how people loved the takar microscopic shwarma,negative,positive,0.9287223219871521,0.07127770036458969,0.9287223219871521
the food arrived almost hours later,positive,negative,0.9286826252937317,0.9286826252937317,0.07131733745336533
i ordered started bhorta alu bhorta chicken curry and dal i wrote instructions not to make them too spicy they followed it which is kind of rare on fp also the bhortas seemed freshly prepared,positive,negative,0.9286074638366699,0.9286074638366699,0.07139253616333008
rezala took the price of special mutton kadai and gave it the same price for,positive,negative,0.9285634756088257,0.9285634756088257,0.07143652439117432
quantity is very low,positive,negative,0.9285387992858887,0.9285387992858887,0.07146115601062775
the food was really good but all the four garlic sauces had a very strong bad garlic smell also one of the chicken pieces barely had any chicken meat it was mostly just the coating,positive,negative,0.9283806681632996,0.9283806681632996,0.07161939889192581
either their atomic fried chicken is not spicy at all or they gave me the wrong flavour sad,positive,negative,0.92758709192276,0.92758709192276,0.0724128782749176
it takes way too long to get the food it s cold and food is not tasted well,positive,negative,0.9274064898490906,0.9274064898490906,0.07259351015090942
the amount of meat was very less mayonnaise was also low,positive,negative,0.926681399345398,0.926681399345398,0.07331862300634384
very good in taste but very much poor quantity at dine in the quantity is not same as take away,negative,positive,0.9263919591903687,0.07360807061195374,0.9263919591903687
portion was very poor,positive,negative,0.9263202548027039,0.9263202548027039,0.07367977499961853
chicken was still raw,positive,negative,0.9262716770172119,0.9262716770172119,0.0737282857298851
the sub was more than good but the halim was not that good need to spice up a bit and sausage pizza was fine but again need to add a bit of spice,negative,positive,0.9252946972846985,0.07470527291297913,0.9252946972846985
timing was not good as i ordered and received it after and half an hour before which was not expected,positive,negative,0.9252174496650696,0.9252174496650696,0.07478257268667221
this time nothing was good it was good previously,negative,positive,0.9249480366706848,0.07505202293395996,0.9249480366706848
pizza is good but unfortunately they don t keep option to order coke pepsi,negative,positive,0.9247415661811829,0.07525845617055893,0.9247415661811829
they used to provide cold food but not anymore,positive,negative,0.9247249364852905,0.9247249364852905,0.07527510076761246
ordered their jar cake of red velvet black forest flavor red velvet was yummm black forest lost it s flavor bcz of excessive use of cheery sauce plz don t add the cherry in black forest cake,positive,negative,0.924706757068634,0.924706757068634,0.07529320567846298
valo chigri sutki vortta likhben,negative,positive,0.9245910048484802,0.07540901005268097,0.9245910048484802
good the fries tasted nice and crispy bad the amount of fries were extremely low the sub only had a single sausage sliced up with a bunch of veggies and nothing more would love to see a bit more,negative,positive,0.9245039820671082,0.07549596577882767,0.9245039820671082
delivery man total bill taka chilo change dewar somoy uni amk taka back dishe ami take taka note dishilam,positive,negative,0.9241138100624084,0.9241138100624084,0.07588613778352737
ordered cake with customized write up without any effort,positive,negative,0.9240702390670776,0.9240702390670776,0.07592973858118057
chicken ta mone holo sokto chilo amon ta asa kori nay,positive,negative,0.9236664772033691,0.9236664772033691,0.07633345574140549
food quality is third class,positive,negative,0.9233048558235168,0.9233048558235168,0.07669508457183838
poutine was good however the sandwich i ordered wasn t worth it,negative,positive,0.9231730103492737,0.07682705670595169,0.9231730103492737
the food is not well cooked,positive,negative,0.9231632351875305,0.9231632351875305,0.07683680951595306
sauce ato kiptami korean ta dilam barely any sauce taste value silo,positive,negative,0.9230260848999023,0.9230260848999023,0.07697386294603348
food was good after long time welcome to foodpanda we ll miss salad item so much,negative,positive,0.9230036735534668,0.07699638605117798,0.9230036735534668
it was good but i noticed that they increase the price after ordering twice or three times and also serve a bit less than before,negative,positive,0.922821581363678,0.07717838883399963,0.922821581363678
please give me fresh food,negative,positive,0.9227555990219116,0.07724437117576599,0.9227555990219116
the chowmin was an absolutely excellent to eat nothing to say about it but french fries were burnt so sad to say and eclayer is so so,negative,positive,0.9226575493812561,0.07734239101409912,0.9226575493812561
we order through food panda but it s take minimum min this is really unexpected i think they didn t care about this order food pand should try to reduce the timing if they can herfys food,positive,negative,0.9224708080291748,0.9224708080291748,0.07752925157546997
burger er bun ta well fried chilo na amr ei restaurant e order er past experience theke amr kache bun ta temon valo lage ni ar pasta ta te salt er poriman shamanno kom chilo,positive,negative,0.9224075078964233,0.9224075078964233,0.07759247720241547
food quality has degraded since the last time i had it,positive,negative,0.9223724007606506,0.9223724007606506,0.07762758433818817
have ordered supreme cheese burger but you guys delivered best burger and this is nd time,negative,positive,0.9219183325767517,0.0780816450715065,0.9219183325767517
i ordered a set menu and both the rice and bbq chicken was flavorful and tasty but i m quite disappointed with the chocolate cold coffee it was worst,positive,negative,0.9218540191650391,0.9218540191650391,0.07814592868089676
too late bad service,positive,negative,0.9217836260795593,0.9217836260795593,0.07821635156869888
i am ordering the food tomorrow and have not received it yet,positive,negative,0.9216593503952026,0.9216593503952026,0.07834058254957199
the menu information is misleading fix it and if its intentional just so u guys can fool people then you guys are doing a wonderful job,negative,positive,0.9214990735054016,0.0785009041428566,0.9214990735054016
the taste of paya is not pleasant need to do better he also did not give lemon but i like the parathas rider usage is very bad,positive,negative,0.921424388885498,0.921424388885498,0.07857564836740494
beef khichuri te mangsho only small pieces it s not enough,positive,negative,0.9210605025291443,0.9210605025291443,0.0789395421743393
cold food served,positive,negative,0.920486330986023,0.920486330986023,0.07951369881629944
i have ordered pizza and large pasta pizza was not bad but pasta was not good,positive,negative,0.9198870062828064,0.9198870062828064,0.08011294901371002
the food was cold by the time it reached my place,positive,negative,0.9198866486549377,0.9198866486549377,0.08011342585086823
this food is good but hutti quantity besi,negative,positive,0.9198402166366577,0.08015978336334229,0.9198402166366577
khashir tehari was good but the jafran shorbot was slimey and undrinkable,negative,positive,0.9198220372200012,0.08017794787883759,0.9198220372200012
extreme naga wasn t extreme at all,positive,negative,0.9195432662963867,0.9195432662963867,0.0804566740989685
bed experience don t follow instructions,positive,negative,0.9192712903022766,0.9192712903022766,0.08072865754365921
i order so much why don t you give me a voucher,positive,negative,0.9191095232963562,0.9191095232963562,0.08089045435190201
star kom shudu matro soup person jonno nai tai,positive,negative,0.9190704822540283,0.9190704822540283,0.08092954754829407
it s written bhuna khichuri is served with begun bhaji i ordered one begun bhaji along with bhuna khichuri so i should get begun bhajis but there was only one begun bhaji in my parcel,positive,negative,0.9189051389694214,0.9189051389694214,0.08109486103057861
ordered morog polao the chicken piece was not good,positive,negative,0.9186312556266785,0.9186312556266785,0.08136876672506332
again repeated mistake,negative,positive,0.9185648560523987,0.0814351812005043,0.9185648560523987
the delivery guy was nothing less than flash,positive,negative,0.9184316992759705,0.9184316992759705,0.08156831562519073
the poloi was not ok as the chicken was dry and had no curry juices at all,positive,negative,0.9183631539344788,0.9183631539344788,0.08163688331842422
good but missing salad no extra jul,negative,positive,0.9181365966796875,0.0818633884191513,0.9181365966796875
every time decreases their quality quantity of food,negative,positive,0.9179683923721313,0.08203157782554626,0.9179683923721313
today i learned for the first time that egg chowmin is made with prawns and today i learned for the first time that beef biryani looks like paratha reduce the amount of marijuana consumed by the staff bro otherwise the hotel will collapse,negative,positive,0.9179024696350098,0.08209753036499023,0.9179024696350098
they missed my special happy birthday note,negative,positive,0.9173034429550171,0.08269653469324112,0.9173034429550171
taste was good but spoon should be provided with soup it was for patient in hospital,negative,positive,0.9171196222305298,0.08288033306598663,0.9171196222305298
there was coarse rice and potato curry fried eggs and red vegetables are fun,negative,positive,0.9171044826507568,0.08289553970098495,0.9171044826507568
chicken wrapped a eto cucumber keno vai chicken er theke cucumber e beshi taste ektu o valo lagenai,negative,positive,0.9168875813484192,0.0831124484539032,0.9168875813484192
large order dilam size medium er moto chilo,positive,negative,0.9165068864822388,0.9165068864822388,0.08349313586950302
food not ready on time,positive,negative,0.9163769483566284,0.9163769483566284,0.08362308889627457
food is good bt delivery man behavior is so bad and he takes tk more,positive,negative,0.9160824418067932,0.9160824418067932,0.08391761779785156
sauce ato alpo dei bar bar bole dei tar por o kintu momo oshadron,positive,negative,0.9159935712814331,0.9159935712814331,0.08400644361972809
the croissants were good the donuts were too dry and dense the sandwiches were too small,negative,positive,0.9158949851989746,0.08410501480102539,0.9158949851989746
aloo bharta fried egg karalla they taste good dal is low in salt and the packing is very bad,positive,negative,0.9157838821411133,0.9157838821411133,0.08421608060598373
motamoti fresh misti hole valo lagto,negative,positive,0.9156567454338074,0.08434322476387024,0.9156567454338074
flavor is good but too liquor,negative,positive,0.9155812859535217,0.08441870659589767,0.9155812859535217
i have never eaten such a chuka burger in my life supreme burger was very good once upon a time,negative,positive,0.9154074192047119,0.08459251374006271,0.9154074192047119
khicuri tar poriman ektu baraile valo hoy,negative,positive,0.9152573347091675,0.08474268764257431,0.9152573347091675
cookies packets are about to expire during this week they could provide new product but they didn t they served the packets that were manufactured during oct nov great,negative,positive,0.915256142616272,0.08474384993314743,0.915256142616272
ordered sub sandwich i personally feel it was not worth taka i have had better sub costing only portion size was avarage it would taste better with a little more sause and spiciness,positive,negative,0.9152377843856812,0.9152377843856812,0.08476219326257706
you should give all wings instead of half nibbles and half wings,positive,negative,0.9151711463928223,0.9151711463928223,0.08482888340950012
they have improved the quality of their burger but was disappointed about the rice bowl,positive,negative,0.9150727391242981,0.9150727391242981,0.08492731302976608
kichuri te kunu mangsho chilo na ta haddi chara,positive,negative,0.9149115681648254,0.9149115681648254,0.08508849889039993
tasted good but the waffles came without blueberry although they mentioned waffles with blueberry ice cream,negative,positive,0.9148184657096863,0.08518150448799133,0.9148184657096863
i ordered fish and chips although the quantity as well as the taste was pretty good they didn t pack the tarter sauce very disappointed,positive,negative,0.9147250652313232,0.9147250652313232,0.08527487516403198
the food quality was decent but the meat was small and bony but the rice was good,negative,positive,0.9144399762153625,0.08556001633405685,0.9144399762153625
good but too much spicy,negative,positive,0.9144243597984314,0.08557569235563278,0.9144243597984314
moog daal missing,positive,negative,0.9143074154853821,0.9143074154853821,0.08569253236055374
ordered thai soup not too delicious no prawn was there which is unusual need to be more conscious,positive,negative,0.9140033721923828,0.9140033721923828,0.08599665015935898
i didn t understand the matter last time when i gave my food for pickup so i couldn t take it this time i took the food properly sorry for last time,positive,negative,0.9138888716697693,0.9138888716697693,0.0861111432313919
ghonta lagse so sad,positive,negative,0.9134007096290588,0.9134007096290588,0.08659935742616653
i didn t get any compensation even though i had to pay in full at the time of payment,positive,negative,0.9131212830543518,0.9131212830543518,0.08687872439622879
the food was tasty but they didn t add enough meat,negative,positive,0.9131184220314026,0.086881622672081,0.9131184220314026
the meal was good as always but they made the price much higher than it was more it was a bit more than tk for burgers and now its a little more than tk,negative,positive,0.9129576086997986,0.08704233169555664,0.9129576086997986
one item missing,positive,negative,0.9128531217575073,0.9128531217575073,0.08714692294597626
i ordered coleslaw but it was not delivered to me i called bfc mohammadpur still they didn t respond,positive,negative,0.9127225875854492,0.9127225875854492,0.08727739751338959
brother bhunakhichuri has spoiled the smell the eggs were good,positive,negative,0.9124985933303833,0.9124985933303833,0.08750136941671371
samousa was good but jalmuri should be better,negative,positive,0.9123374223709106,0.08766254037618637,0.9123374223709106
no buffalo flavor on the chicken and pizza coudlve matched the description more since it said itll come with peppers olives etc but it didnt however delivery and temperature of food was great,negative,positive,0.9122093915939331,0.08779069036245346,0.9122093915939331
peanut sauce quality discreased,negative,positive,0.9121881127357483,0.08781185746192932,0.9121881127357483
mutton quality and quantity was bad,positive,negative,0.9121707677841187,0.9121707677841187,0.08782926946878433
if you are hungry and you feel like having some burger with medium quality some fried rice for hunger then order you will fill yer belly and meet your price range but no chowmen that ones bad match,positive,negative,0.9118760824203491,0.9118760824203491,0.08812393993139267
quality good but quantity too short,negative,positive,0.9118659496307373,0.0881340354681015,0.9118659496307373
it was fabulous,negative,positive,0.9112831354141235,0.08871693909168243,0.9112831354141235
that was a bit salty,negative,positive,0.9111303687095642,0.088869608938694,0.9111303687095642
forget extra sauce even the one sauce with the french fry was not provided which was kinda disappointing,positive,negative,0.9111183285713196,0.9111183285713196,0.08888166397809982
order oats bread but they deliver me milk bread more concentrate on deliveries,positive,negative,0.9108823537826538,0.9108823537826538,0.08911769092082977
order leg thigh got leg breast sums up my experience,positive,negative,0.9106996059417725,0.9106996059417725,0.08930040150880814
entry level taste but it s ok,negative,positive,0.9106876254081726,0.08931240439414978,0.9106876254081726
not sure how you called it arabian rice we feel completely bangladeshi dishes,positive,negative,0.9102550148963928,0.9102550148963928,0.08974503725767136
bhorta is expired other food is quite well,positive,negative,0.9101482629776001,0.9101482629776001,0.0898517295718193
never order a thin crust pizza because it will come as a destroying look that u cant imagine my pizza was not a circle rather a map of africa all the sauce was here and there but taste,positive,negative,0.9097153544425964,0.9097153544425964,0.09028463065624237
beef a just haddi e chilo r rejala ta khub valo chilo,negative,positive,0.9094577431678772,0.0905422493815422,0.9094577431678772
the amount of chicken has decreased the amount of shrimp has also decreased i did not taste like before,positive,negative,0.9094418287277222,0.9094418287277222,0.09055808931589127
chicken sub wasn t that good,positive,negative,0.9087284803390503,0.9087284803390503,0.0912715420126915
the pressure is too high there was not so much before,positive,negative,0.9087079763412476,0.9087079763412476,0.09129202365875244
they should make good food even when someone orders after pm people might be hungry at that time but they deserve good food clean and tasty,negative,positive,0.9084722995758057,0.09152765572071075,0.9084722995758057
khabar mitamoti valo cilo packaging o valo just rice er poriman ta kom eta rekto barano uchit,negative,positive,0.908287763595581,0.09171219170093536,0.908287763595581
order with cutlery but it s missing not acceptable,positive,negative,0.9080805778503418,0.9080805778503418,0.09191934764385223
order diyechi begun vorta r diyechen onion sping vorta,positive,negative,0.9074851870536804,0.9074851870536804,0.0925147607922554
delivery man amr kas thaika ato taka paito na niya choila gesa,positive,negative,0.9069854021072388,0.9069854021072388,0.09301465004682541
food was too much cooked,positive,negative,0.9069697856903076,0.9069697856903076,0.09303019195795059
they dont give sizling masala bfc food is very good but they dont care about delivery food,negative,positive,0.9069106578826904,0.09308935701847076,0.9069106578826904
the food was cold do deliver fast,positive,negative,0.9068857431411743,0.9068857431411743,0.0931142047047615
delivery man took too much money,positive,negative,0.9067093133926392,0.9067093133926392,0.09329071640968323
need more taste and quantity,negative,positive,0.9065709710121155,0.09342902898788452,0.9065709710121155
rice quantity very poor not enough for a person,positive,negative,0.9065317511558533,0.9065317511558533,0.09346818923950195
food quality is good but the grill should burn more,negative,positive,0.9064154028892517,0.0935845747590065,0.9064154028892517
jali kabab was very bad,positive,negative,0.9061877131462097,0.9061877131462097,0.0938122421503067
the bread tasted a bit lemon ish,negative,positive,0.9060636162757874,0.09393635392189026,0.9060636162757874
desserts are good other items taste okay set meals are overpriced still i would ve given a star but the dal puri smelled bad stars are just for the desserts honestly,negative,positive,0.9057510495185852,0.09424889832735062,0.9057510495185852
the quality of burger has deteriorated,positive,negative,0.905574381351471,0.905574381351471,0.09442559629678726
today not good,positive,negative,0.9053554534912109,0.9053554534912109,0.09464459866285324
amar onek favorite restaurant chilo etodin por order korlam but rice ta mojai chilo na asha kori abaro ager moto hben,negative,positive,0.9040210247039795,0.09597896784543991,0.9040210247039795
the food tasted good but the portion was too small comparing to theo price increase the portion please,negative,positive,0.904013991355896,0.09598597139120102,0.904013991355896
one item was perfect but one item i was not fresh,negative,positive,0.9039797186851501,0.09602031111717224,0.9039797186851501
sb food valo chilo loitta fry alu baji began baji dal r egg omelet ta green chili ta beshi chilo ektu km dile valo hoi over all sb food r test valo chilo asa kri packing r ektu improve krbe,negative,positive,0.9036539793014526,0.09634599834680557,0.9036539793014526
shingara and samosa tasted,positive,negative,0.9033303260803223,0.9033303260803223,0.09666969627141953
the size of the chicken was very small it seems like a month old chicken,positive,negative,0.9031956791877747,0.9031956791877747,0.09680429846048355
i usually encourage the home chefs but you guys really need to up your cooking egg bhuna was bland and vegetables and dal were only the things i could eat i would give but encouraging you this time,positive,negative,0.9030898213386536,0.9030898213386536,0.09691020846366882
the yogurt is missing,positive,negative,0.9030333161354065,0.9030333161354065,0.0969667062163353
no white sauce given even after asking for it,positive,negative,0.9026752710342407,0.9026752710342407,0.09732470661401749
it tastes a little sweet should do better,negative,positive,0.902518093585968,0.09748193621635437,0.902518093585968
the burger wasn t big and the loaded sausage and salami burger had the minimum amount of both but the flavour was on point,positive,negative,0.902212917804718,0.902212917804718,0.09778712689876556
mutton tehari has lots of small bone pieces which is dangerous for small people this aspect should be seen,positive,negative,0.9021640419960022,0.9021640419960022,0.09783601760864258
gm hafsi jus,negative,positive,0.9020161628723145,0.09798383712768555,0.9020161628723145
quality was too low,positive,negative,0.9014838337898254,0.9014838337898254,0.09851615875959396
just order the safe choices that can never go wrong,positive,negative,0.9014497399330139,0.9014497399330139,0.09855026006698608
but provided small portion rice,negative,positive,0.9012420773506165,0.09875789284706116,0.9012420773506165
chicken karap chilo onk agar chilo tok hoya gacha ame bujlm nah kno karap kabar kno dechn,positive,negative,0.9012038111686707,0.9012038111686707,0.09879613667726517
way too overpriced,positive,negative,0.9009345769882202,0.9009345769882202,0.099065400660038
the onion has been given more it has become completely sweet,positive,negative,0.9008576273918152,0.9008576273918152,0.09914235025644302
no previous quality a bowl of chicken broth,positive,negative,0.9008145928382874,0.9008145928382874,0.09918536245822906
ordered chicken reshmi kabab nan n tzakizi sauce portion was good enough for one person kabab was juicy but taste wasn t upto d mark nan was soft n good n i regret ordering d sauce,negative,positive,0.9007805585861206,0.09921949356794357,0.9007805585861206
thank you for delivering at midnight hours but i would appreciate more if you serve good quality food it was solid cold and taste less especially the dipping sauce please improve otherwise can t order,negative,positive,0.9007501006126404,0.0992499440908432,0.9007501006126404
burger was too spicy but fuchka was good,negative,positive,0.9005694389343262,0.09943059831857681,0.9005694389343262
firnir upor kicu dey nai pore disease budur hoi gece,positive,negative,0.9004794359207153,0.9004794359207153,0.09952053427696228
both rice chicken were little bit undercooked otherwise good,negative,positive,0.9004417657852173,0.09955822676420212,0.9004417657852173
they serve quality food,positive,negative,0.9004062414169312,0.9004062414169312,0.09959378093481064
the pizza was good however this experience was unsatisfying the pizza got a bit messy and mangled some of the cheese got stuck with the cardboard box and thus we had to remove them and unmangle it,negative,positive,0.9001205563545227,0.09987939149141312,0.9001205563545227
sauce dei ni,positive,negative,0.9000439643859863,0.9000439643859863,0.09995603561401367
the oil seems unhealthy and the larger beef cuts should be used,positive,negative,0.8995124697685242,0.8995124697685242,0.10048748552799225
bihari kacchi is ok but the long delay in delivery is a bit of a drag foodpanda needs to take care of that,negative,positive,0.8994390964508057,0.10056088864803314,0.8994390964508057
i haven t eaten yet after half an hour i will comment on the food,positive,negative,0.8993929028511047,0.8993929028511047,0.10060711205005646
packaging was horrible as usual,positive,negative,0.8991965055465698,0.8991965055465698,0.10080347210168839
think today the gave less curry,positive,negative,0.8990346193313599,0.8990346193313599,0.10096541047096252
khichuri was very good when it was opening but today the khichuri did not taste the same the khichuri rice is in bad condition,negative,positive,0.8985685110092163,0.1014314740896225,0.8985685110092163
sorry i cant judge coz i am not judgemental one,positive,negative,0.8979666829109192,0.8979666829109192,0.10203328728675842
thanks for providing me rice with small potato instead of beef lol,negative,positive,0.8975077271461487,0.10249222815036774,0.8975077271461487
poriman valo silo khete temon moja silona,negative,positive,0.8973694443702698,0.10263050347566605,0.8973694443702698
have ordered food but my food has not arrived yet last night,positive,negative,0.8972809910774231,0.8972809910774231,0.10271903872489929
delicious food but wonton was small and missing sauce mint or something,negative,positive,0.8969177603721619,0.10308224707841873,0.8969177603721619
they didn t deliver the foods in different bags,positive,negative,0.8966967463493347,0.8966967463493347,0.1033032163977623
khabar er maan ta normal chilo are packing ta valo chilo na i don t expect it,positive,negative,0.8966588973999023,0.8966588973999023,0.10334110260009766
the tangy fries are good red smokey chicken should be more cooked spicy mayo is not good,negative,positive,0.8964558243751526,0.10354415327310562,0.8964558243751526
mutton pis ta akdm choto chilo,positive,negative,0.8963454961776733,0.8963454961776733,0.10365447402000427
beef momo was good vegetables momo was very bad,positive,negative,0.896247148513794,0.896247148513794,0.10375288128852844
good but i had wanted the chicken of leg not breast,negative,positive,0.8961994647979736,0.10380057990550995,0.8961994647979736
added extra whipped cream and cherries got the cream but not the cherries,positive,negative,0.8959130048751831,0.8959130048751831,0.1040869802236557
naan was not cooked properly it was raw and doughy inside grilled chicken was good and juicy,positive,negative,0.895616352558136,0.895616352558136,0.10438361763954163
non sweet woodapple juice wasn t tasty enough not saying because of lack of sugar or anything it plain didn t taste that good ginger lemon can do with less sugar,positive,negative,0.8955559134483337,0.8955559134483337,0.10444408655166626
if it was little bit spicy and use red sauces i think it will be more delicious,negative,positive,0.8954727649688721,0.10452722012996674,0.8954727649688721
need to be more fresh and just a bit less tomato it s fresh but a bit less and didn t find no grilled chicken,negative,positive,0.8950093984603882,0.10499058663845062,0.8950093984603882
nachos ta valo but cheese overload meat box a and ache cheese and ache meat ache shudu alu r sausage bbq pizza ta valoi chilo,negative,positive,0.8944541811943054,0.10554586350917816,0.8944541811943054
taste was good but rice portion was less,negative,positive,0.8943296074867249,0.10567034035921097,0.8943296074867249
sorry i can t find the language to say something then he said i ordered special naan but normal naan was delivered the chicken chapa is amazing and very very tasty,negative,positive,0.8943270444869995,0.1056729108095169,0.8943270444869995
it was good but the topping of the pizza was stuck on the bottom of the pizza box,negative,positive,0.8942584991455078,0.1057414710521698,0.8942584991455078
vorta alada dite bolsilm dise bt ta alu vorta silo ta with package arekta alada order korsi seita missing silo deini food was good,positive,negative,0.8942463994026184,0.8942463994026184,0.1057535856962204
the packaging is so poor,positive,negative,0.8942172527313232,0.8942172527313232,0.10578273236751556
the amount of meat box was way too less than before,positive,negative,0.8942028284072876,0.8942028284072876,0.10579714924097061
today s meal was good,negative,positive,0.8940715193748474,0.10592849552631378,0.8940715193748474
use less color in food if not i will file a consumer complaint it is harmful to the body,positive,negative,0.8938845992088318,0.8938845992088318,0.1061154305934906
good but this smali not good,negative,positive,0.8938643932342529,0.10613556951284409,0.8938643932342529
butter nun full dry kono butter e chilo na,positive,negative,0.8936401605606079,0.8936401605606079,0.10635987669229507
meat was uncooked,positive,negative,0.8935403823852539,0.8935403823852539,0.10645966976881027
taka khichuri noooo bad in fact great thanx for alu vorta keep it up will order again again,positive,negative,0.893273115158081,0.893273115158081,0.10672685503959656
they didn t give the correct food,positive,negative,0.8931374549865723,0.8931374549865723,0.10686248540878296
morog polao valo chilo,negative,positive,0.8929972648620605,0.10700275003910065,0.8929972648620605
dorkari ginish dey na jemon spoon,positive,negative,0.89296555519104,0.89296555519104,0.10703446716070175
the amount of pasta was less but the taste was good just need little bit more amount for a meal,negative,positive,0.8928303122520447,0.10716964304447174,0.8928303122520447
chicken soup was good but beef nehari was inedible plain parathas were good for the price but pech paratha is not at all worth it overall quantity is good but quality can be improved fast delivery,negative,positive,0.892787754535675,0.10721219331026077,0.892787754535675
chicken was good but when we order chicken at least try to add a leg piece,negative,positive,0.8926467895507812,0.10735319554805756,0.8926467895507812
i wonder why noyashorok branch is not available in upashahar,positive,negative,0.8925040364265442,0.8925040364265442,0.10749591886997223
khabar valo kintu porimaan kom dey sobosomoy,negative,positive,0.8924981355667114,0.1075017899274826,0.8924981355667114
they didn t provide any voucher on this order,positive,negative,0.8923317193984985,0.8923317193984985,0.10766828060150146
i ordered as pick up they asked me if i wanted to eat at the food court seriously like how illiterate is dhaka city getting rn,positive,negative,0.8922988772392273,0.8922988772392273,0.10770107805728912
cake was a bit salty,negative,positive,0.8922879695892334,0.10771201550960541,0.8922879695892334
good but not satisfactory,negative,positive,0.8922248482704163,0.10777511447668076,0.8922248482704163
the tehari was low oil and felt homely,positive,negative,0.8921800851821899,0.8921800851821899,0.10781997442245483
good quantity but the soup was too much salty another time it was excessively spicy salty,negative,positive,0.8919945955276489,0.10800545662641525,0.8919945955276489
kurmaa was good otherwise everything is bad,negative,positive,0.8916252851486206,0.10837464779615402,0.8916252851486206
you should provide best quality food atleast for iftaar not satisfied with the food,negative,positive,0.8915126323699951,0.1084873303771019,0.8915126323699951
shop ar price r apps ar price same na shop a apps a same type,positive,negative,0.8911248445510864,0.8911248445510864,0.10887518525123596
food portion is very less,positive,negative,0.8907987475395203,0.8907987475395203,0.10920128226280212
chicken was bland sauce was bland,positive,negative,0.8906081914901733,0.8906081914901733,0.10939184576272964
i ordered a nine inch pizza i got a ten inch pizza wow,positive,negative,0.8902215361595154,0.8902215361595154,0.109778493642807
all the items of this restaurant are not available in foodpanda,positive,negative,0.8902146220207214,0.8902146220207214,0.10978538542985916
ordered fuchka and chotpoti but only got the fuchka it was tasty though but hope next time they send the right order,negative,positive,0.8898618221282959,0.1101381704211235,0.8898618221282959
percel a ghee den na kan bhai,positive,negative,0.889308512210846,0.889308512210846,0.11069149523973465
crust was undercooked doughy,positive,negative,0.889055609703064,0.889055609703064,0.11094438284635544
quality should be more good,negative,positive,0.8889963030815125,0.11100369691848755,0.8889963030815125
these nutfucks never keep special request even after literally asking for it more than ten times fucking egoistic idiots,negative,positive,0.8889654874801636,0.1110345795750618,0.8889654874801636
pizza elomelo cilo and pieces kom cilo rider pizza unpack kore kheyesw,positive,negative,0.8887810707092285,0.8887810707092285,0.11121897399425507
odered few days bad the amount was so little with tiny piece of meat today was good,positive,negative,0.8886480927467346,0.8886480927467346,0.1113518625497818
biriyani was delicious but cold,negative,positive,0.8886420130729675,0.11135800182819366,0.8886420130729675
garlic momos didnt taste good,negative,positive,0.8884434103965759,0.11155661195516586,0.8884434103965759
gosh r poriman nai bolle chole,positive,negative,0.8883666396141052,0.8883666396141052,0.11163337528705597
valo chilo plain rice r chicken,negative,positive,0.8882384300231934,0.11176155507564545,0.8882384300231934
heard some good reviews about it but to me the taste was average,negative,positive,0.8877044320106506,0.11229562759399414,0.8877044320106506
it was late but the taste was good,negative,positive,0.8876936435699463,0.11230641603469849,0.8876936435699463
nachos ta dry and meat proportion bad chilo,positive,negative,0.8874327540397644,0.8874327540397644,0.11256721615791321
all ok but borhani ta onak baja silo,negative,positive,0.8874317407608032,0.11256826668977737,0.8874317407608032
sub sandwich is tasty good but beef burger is not satisfying with price and quality,negative,positive,0.887385904788971,0.11261407285928726,0.887385904788971
mutton peace is so small size i got from online food panda order,positive,negative,0.8870158195495605,0.8870158195495605,0.11298421770334244
shiraj never disappoint but that day their meat piece was smaller than usual and had fat attached with the meat piece as well,negative,positive,0.8866019248962402,0.11339806765317917,0.8866019248962402
taste is good but overpriced,negative,positive,0.8861199617385864,0.1138799861073494,0.8861199617385864
all good but they showing the breast piece of chicken but they give me leg piece thats why i give then star,negative,positive,0.8860682249069214,0.11393184214830399,0.8860682249069214
baked samosas were filled with chicken but really cold assorted cake balls did not taste fresh,positive,negative,0.8860344886779785,0.8860344886779785,0.11396550387144089
kobo problem painai biriyni shada bhat parota lassi order korechilam,positive,negative,0.8860149383544922,0.8860149383544922,0.11398500949144363
konta steamed chicken r konta chicken mushroom differentiate korte pari nai,positive,negative,0.8859554529190063,0.8859554529190063,0.11404456943273544
the taste was good packaging valo chilo na jhol pore gesilo khub baje vabe,positive,negative,0.8858312964439392,0.8858312964439392,0.11416871845722198
last time akta luchi missing chilo aibar oder bollam ta luchi extra dise,positive,negative,0.8853039145469666,0.8853039145469666,0.11469602584838867
taste of food is not great,positive,negative,0.885284960269928,0.885284960269928,0.11471501737833023
oily but beef perfect not bad,negative,positive,0.884861409664154,0.11513861268758774,0.884861409664154
jibone ar jdi kothao theke chicken fried items order kori obviously ai restaurant theke order korbo kfc fail,positive,negative,0.8845786452293396,0.8845786452293396,0.11542138457298279
ordered a naga burger and pasta i was given the naga burger right away but instead of pasta i was given noodles this is not what i expected from burger and pasta club thanks foodpanda,positive,negative,0.8845140933990479,0.8845140933990479,0.11548586189746857
nd time order korlm vlo bollei ei jamela dim hawa,negative,positive,0.8844252228736877,0.11557474732398987,0.8844252228736877
order is not delivered,positive,negative,0.8843808770179749,0.8843808770179749,0.11561912298202515
momos are so hot,negative,positive,0.8843073844909668,0.1156926080584526,0.8843073844909668
usually they are good but yesterday send me different item then the one i ordered,positive,negative,0.88422691822052,0.88422691822052,0.11577310413122177
the spicy chicken fry was good but the mustard burger could be better,negative,positive,0.8841772675514221,0.11582272499799728,0.8841772675514221
chiken akhni kalk onk vall lgslo ajkeo tastewise valo chilo bt ajke sudu rice chilo kono chiken e chilo na,positive,negative,0.8841713070869446,0.8841713070869446,0.11582869291305542
meatbox ta ektu beshi oily r ektu beshi spicy hole aro valo lagto,negative,positive,0.8839977383613586,0.11600229144096375,0.8839977383613586
ato kicu order dewar pore o sos den nai baki sob tik ase onek moja o chilo,positive,negative,0.8838244676589966,0.8838244676589966,0.11617547273635864
saslik aro boro hoa dorkar chilo price onujai satisfied korte parlo na price beshi laglo eita,negative,positive,0.8837357759475708,0.1162642240524292,0.8837357759475708
the burgers were a bit dry,negative,positive,0.8836542963981628,0.11634566634893417,0.8836542963981628
food quality was not that good,positive,negative,0.8835795521736145,0.8835795521736145,0.11642040312290192
pasta halka salt kom rice bowl e chicken onk kom chicken of a standard rice bowl but after discount price taste and chicken ratio barely offset each other and hence not bad overall,positive,negative,0.8835391402244568,0.8835391402244568,0.11646081507205963
guys if you complain in food panda help center about the restaurant giving you cheap paratha instead of special pech paratha you get your money back make sure to complain that way restaurant learn,positive,negative,0.8834155201911926,0.8834155201911926,0.11658445745706558
the vegetable used to be very good now there is no test the quantity is less but always your tea is the best the price of the garment is a bit high,negative,positive,0.8833763599395752,0.1166236624121666,0.8833763599395752
taste ekhn r ager moto nei rice ta bland mne hoyy,positive,negative,0.8833239674568176,0.8833239674568176,0.11667603999376297
the food was cold if it was hot it would freeze more,positive,negative,0.8832720518112183,0.8832720518112183,0.11672796308994293
the price and taste of the food are both satisfactory but more care should be taken regarding the packaging it is important to pack oil broth foods well because they were mixed with one another,negative,positive,0.8830714821815491,0.11692845821380615,0.8830714821815491
food was good but the service wasnt,negative,positive,0.8830033540725708,0.11699659377336502,0.8830033540725708
the restaurant took too much time to prepare kept us waiting for an hour just for one pasta and fries,positive,negative,0.8823564052581787,0.8823564052581787,0.11764363199472427
missing soft drinks,positive,negative,0.8820173144340515,0.8820173144340515,0.11798271536827087
khub akta valo chilo na,positive,negative,0.8818134665489197,0.8818134665489197,0.11818648874759674
bread is days old,positive,negative,0.8816897869110107,0.8816897869110107,0.11831026524305344
jorda was too dry otherwise good,negative,positive,0.8816046714782715,0.11839526146650314,0.8816046714782715
its not fair caz i order maxican burgers but get maxican burger and a mini pizza food panda my humble request is yo fix it as soon as possible please btw maxican burger was pretty good in taste,negative,positive,0.8814446926116943,0.11855532228946686,0.8814446926116943
low in volume and low in meat they are rarely better elsewhere for the price,positive,negative,0.8813501596450806,0.8813501596450806,0.11864979565143585
bun quality is not good,positive,negative,0.8812217712402344,0.8812217712402344,0.1187782734632492
the brownie is basically dan cake unbearably sugary the pancakes are good though,negative,positive,0.8809786438941956,0.11902143061161041,0.8809786438941956
sotti kotha bolte ki age ruj ei resturent order kortam but kno jani mone hocche day by day apnader test kome jacche,positive,negative,0.8808462619781494,0.8808462619781494,0.11915375292301178
it s tasty but the waffle was too small dedicated to the price,negative,positive,0.8806939125061035,0.1193060427904129,0.8806939125061035
the quality of the food is about the same according to the price the quality of the food was a little better rating many thanks to rider brother brother usage,negative,positive,0.8801699876785278,0.11982997506856918,0.8801699876785278
the garlic sauce is either horrible or just went rotten but the food was really good as always,positive,negative,0.8800715804100037,0.8800715804100037,0.11992840468883514
bhul order pathaise but fix o korse,positive,negative,0.8797340989112854,0.8797340989112854,0.1202659085392952
the fries were cold and soggy other food was ok,positive,negative,0.87932950258255,0.87932950258255,0.12067047506570816
my favorite shop but today found chemical smells in both club sandwiches and brownies,negative,positive,0.8793126940727234,0.120687335729599,0.8793126940727234
they have changed the sauce with the french fries not good,positive,negative,0.8791278600692749,0.8791278600692749,0.12087220698595047
test was good bt somosha size khub e choto cilo ta somosha tk ta onojaye onek choto,negative,positive,0.8785018920898438,0.12149808555841446,0.8785018920898438
fried rice khaite valoi mixed fried rice and ato olpo chicken dim r vegetables o ato kom arektu barano uchit,negative,positive,0.878426730632782,0.1215733215212822,0.878426730632782
taste was good but portion size onk kom dey,negative,positive,0.8782004714012146,0.12179950624704361,0.8782004714012146
could be more better,negative,positive,0.8781411051750183,0.12185894697904587,0.8781411051750183
ordered pasta basta chicken but tastes not the same as before it was,positive,negative,0.8781156539916992,0.8781156539916992,0.12188433110713959
good but not so good online order korle kono din o leg pc deina kal rice r quantity kom silo salad deini,negative,positive,0.8780310153961182,0.12196905165910721,0.8780310153961182
besi valo laganai,negative,positive,0.8777557611465454,0.12224426865577698,0.8777557611465454
ordar delivered hoy nai ekhono,positive,negative,0.8777385354042053,0.8777385354042053,0.12226147204637527
kala bhuna was good as usual but the four cheese pizza was lacking all the ingredients i had it before but it was not like that,negative,positive,0.8776839375495911,0.12231606990098953,0.8776839375495911
they didn t provide ketchup or any kind of sauce with the chicken tenders smh,positive,negative,0.8774904012680054,0.8774904012680054,0.12250964343547821
the popcorn was completely putaina,positive,negative,0.8774659037590027,0.8774659037590027,0.1225341260433197
it was delicious before but now its not worthy,negative,positive,0.8773566484451294,0.12264334410429001,0.8773566484451294
the burger was amazing but the chicken was really less it increases a little more and the friedrich was not fully cooked chicken was perfectly cooked but the rice isn t thanks for the food,negative,positive,0.8773553967475891,0.12264459580183029,0.8773553967475891
please ensure fresh all the time,negative,positive,0.8770883679389954,0.12291166186332703,0.8770883679389954
there is a lack of good people in the world more than that there is a lack of mischievous people,negative,positive,0.8770571947097778,0.12294284999370575,0.8770571947097778
the order was delivered very late,positive,negative,0.877046525478363,0.877046525478363,0.12295342981815338
the burger patty was dry and blunt,positive,negative,0.8766993880271912,0.8766993880271912,0.12330058962106705
extreme naga is no joke my mouth was on fire taste is good but it was cold,positive,negative,0.8764251470565796,0.8764251470565796,0.12357485294342041
took an hour to complete the delivery,positive,negative,0.8761609792709351,0.8761609792709351,0.12383896857500076
sobi valo chilo kinto biranye ta misty hoea gece,negative,positive,0.876146137714386,0.12385381013154984,0.876146137714386
packet er upor price deya r nilo food panda why want to know,positive,negative,0.8760756254196167,0.8760756254196167,0.12392434477806091
ta ruti ta bhaji ta vegetable khichuri order korechhilam amake ta ruti diye felse wow,positive,negative,0.8759998679161072,0.8759998679161072,0.12400016188621521
took way too long to deliver my ordered foods,positive,negative,0.8759259581565857,0.8759259581565857,0.12407398968935013
ami sorry amr ordr ta k cancancel kore den,positive,negative,0.8756437301635742,0.8756437301635742,0.12435631453990936
food was too spicy but quantity was good,negative,positive,0.8751278519630432,0.124872125685215,0.8751278519630432
texas beef ta order korechilam chiken ta dise taw taste tachara tader shokol pizza ei josssss,positive,negative,0.8749904036521912,0.8749904036521912,0.12500962615013123
could be better,negative,positive,0.8749181032180786,0.12508194148540497,0.8749181032180786
not like before the quantity has decreased,positive,negative,0.8749079704284668,0.8749079704284668,0.12509199976921082
everything is ok but potatoes seem to be earlier so if you consider a little you will always get good customer feedback,negative,positive,0.8747585415840149,0.12524151802062988,0.8747585415840149
their chicken chaap is bit salty,negative,positive,0.8747451901435852,0.125254824757576,0.8747451901435852
pizza wasn t hot it was cold,positive,negative,0.8745694756507874,0.8745694756507874,0.12543049454689026
food is always good but i got crispy fried chickens in the crispy fried chicken bucket which is very disappointing,positive,negative,0.8745077252388,0.8745077252388,0.12549228966236115
parathas are not woven fresh price of jhal fry is excessive,positive,negative,0.8734483122825623,0.8734483122825623,0.12655168771743774
asadaran coffee but there are complaints about staff suman i first talk to staff mehndi about zero cal after placing the order i told staff suman on the phone to give staff mehndi he did not give and was rude,positive,negative,0.8733853697776794,0.8733853697776794,0.12661458551883698
taste bujhi nai shudhu jhal lage,positive,negative,0.873376727104187,0.873376727104187,0.126623272895813
waffle time is far better,negative,positive,0.8732993602752686,0.12670060992240906,0.8732993602752686
birani mashallah and kabab nauzubillah,negative,positive,0.8729140758514404,0.12708595395088196,0.8729140758514404
the taste was really baf,negative,positive,0.8727981448173523,0.1272018700838089,0.8727981448173523
it was delicious and i ordered twice before the same item and it wasn t as good as now altho disappointed that a garlic ketchup wasn t given for free this time and price was less before,positive,negative,0.8727587461471558,0.8727587461471558,0.12724128365516663
i think its need more better,negative,positive,0.8725187182426453,0.12748125195503235,0.8725187182426453
combo pizza was good but rice qty was very low,negative,positive,0.8724964261054993,0.1275036334991455,0.8724964261054993
increase food quality a but try to keep the price range low,negative,positive,0.8720118403434753,0.12798817455768585,0.8720118403434753
no raita or salad found with the meal,positive,negative,0.8717800974845886,0.8717800974845886,0.12821988761425018
no mushrooms in the soup,positive,negative,0.871734082698822,0.871734082698822,0.12826597690582275
got delivered after one hour i was late to my office please improve delivery timings,positive,negative,0.8717159628868103,0.8717159628868103,0.1282840073108673
basmati kachchi half,positive,negative,0.8714249134063721,0.8714249134063721,0.12857504189014435
ord ck hyrbd biryani prerequisites lacked key ingredients i e nuts d fruits khoya saffron mint cubes s pine caramelised onions condiments meal had rice aprcts egg shaves chckn,positive,negative,0.8714238405227661,0.8714238405227661,0.1285761445760727
alhamdulillah but oto ta testy na,negative,positive,0.8713582754135132,0.12864167988300323,0.8713582754135132
lovely ekebare dharmik bacon dise i thought ki na ki,positive,negative,0.8713077902793884,0.8713077902793884,0.12869223952293396
fresh but came out cold,negative,positive,0.8712615370750427,0.12873849272727966,0.8712615370750427
food did not arrive yet why here shows finished,positive,negative,0.871204137802124,0.871204137802124,0.12879586219787598
motichur not recommended,positive,negative,0.8710551857948303,0.8710551857948303,0.12894479930400848
dal gourd had no taste,positive,negative,0.870771050453186,0.870771050453186,0.12922891974449158
no salad found,positive,negative,0.8707306981086731,0.8707306981086731,0.1292693316936493
ordered fried rice bbq chicken and cold coffee the match was very good but the cold coffee was served in such a way that it was worn out just spoonfuls were left over the glass i did not expect anything like that,positive,negative,0.870465099811554,0.870465099811554,0.12953487038612366
salad was stale,positive,negative,0.8704498410224915,0.8704498410224915,0.12955015897750854
portion was justified according to the price recommended,negative,positive,0.870437502861023,0.12956249713897705,0.870437502861023
properly cooked food,positive,negative,0.8703583478927612,0.8703583478927612,0.12964168190956116
the barbeque sauce in the smokey burger wasn t that good today,positive,negative,0.8699014186859131,0.8699014186859131,0.1300986409187317
out of the two biryanis one had no egg,positive,negative,0.8698221445083618,0.8698221445083618,0.130177840590477
cutlery was not provided that was upsetting not even tissue,positive,negative,0.8697455525398254,0.8697455525398254,0.13025449216365814
badam shorbot curdled up and it was on its last expiry date kacchi was good though,negative,positive,0.869612991809845,0.13038699328899384,0.869612991809845
they have lost the gravies in rice,positive,negative,0.8693020343780518,0.8693020343780518,0.13069798052310944
good taste however there were too many errors in one order incorrect patty was used in the burgers didn t give the dips,negative,positive,0.869276225566864,0.1307237446308136,0.869276225566864
did not deliver left over food like last time,positive,negative,0.8692423701286316,0.8692423701286316,0.13075758516788483
the quantity is very less,positive,negative,0.8689755201339722,0.8689755201339722,0.13102446496486664
parata was missing from the order,positive,negative,0.8689196705818176,0.8689196705818176,0.1310802698135376
burger gd but chaumin,negative,positive,0.8681366443634033,0.13186341524124146,0.8681366443634033
pastry was so dry and hard feel like waste of money but the jar cake was as good as always,positive,negative,0.8677454590797424,0.8677454590797424,0.13225460052490234
there was a full order which i did not receive,positive,negative,0.8676973581314087,0.8676973581314087,0.13230271637439728
what is a thing that goes from rs to rs now rs again excluding love bird and kitchen home,negative,positive,0.8673083186149597,0.1326916366815567,0.8673083186149597
french fries wasn t properly fries,positive,negative,0.8672767877578735,0.8672767877578735,0.13272322714328766
nachos is good but garlic mushroom is average uk,negative,positive,0.867244303226471,0.13275572657585144,0.867244303226471
i didn t expect beef cheese delight to have only sliced cheese inside beef i had higher expectations,positive,negative,0.8666645288467407,0.8666645288467407,0.13333545625209808
food was good but overpriced comparing the quantity of foods,negative,positive,0.866625189781189,0.13337482511997223,0.866625189781189
no mayo provided even though it was said they will provide,positive,negative,0.8665419816970825,0.8665419816970825,0.13345807790756226
food was tasty but they don t provide any vegetable provide only chicken its mismatch with menu details,negative,positive,0.8661852478981018,0.13381482660770416,0.8661852478981018
the taste was good but the cashew nut salad was so spicy,negative,positive,0.8661280870437622,0.1338718831539154,0.8661280870437622
vai seekh kabab er taste kono restaurant ei ar ager moto nai,positive,negative,0.8657994866371155,0.8657994866371155,0.1342005431652069
food quantity is small for the price it had a good taste must do better,negative,positive,0.8657705187797546,0.13422954082489014,0.8657705187797546
delivery was so late but taste was good,negative,positive,0.8656158447265625,0.1343841254711151,0.8656158447265625
not good pizza experience is really bad,positive,negative,0.8654646873474121,0.8654646873474121,0.1345352977514267
not good excessive dry,positive,negative,0.8652940392494202,0.8652940392494202,0.13470591604709625
bun and lettuce was too small,positive,negative,0.8649134635925293,0.8649134635925293,0.1350865215063095
large fries are supposed to be large,positive,negative,0.8648898601531982,0.8648898601531982,0.13511016964912415
the spiciness is missing,positive,negative,0.8646315932273865,0.8646315932273865,0.13536839187145233
i didn t get the drink with my meal,positive,negative,0.864615261554718,0.864615261554718,0.1353846937417984
the garlic sauce on top of the pasta just made me vomit without that part ambrososia is too good just because of the garlic sauce which could ve killed me you guys deserve stars unfortunately rating,negative,positive,0.8644013404846191,0.13559865951538086,0.8644013404846191
the food is good but they give less food,negative,positive,0.8642564415931702,0.13574357330799103,0.8642564415931702
the meat portions were very small compared to what it was previously,positive,negative,0.8641574382781982,0.8641574382781982,0.13584253191947937
the chotpoti wasn t that flavourful,positive,negative,0.8640538454055786,0.8640538454055786,0.13594616949558258
karap nh vloie cilo,positive,negative,0.8639642596244812,0.8639642596244812,0.13603579998016357
the burger patty was dry no sauce was provided with fried chicken,positive,negative,0.8639408946037292,0.8639408946037292,0.13605906069278717
ive been ordering on milano for a long time but previous times i werent satisfied,negative,positive,0.8639336824417114,0.136066272854805,0.8639336824417114
i didn t receive the food,positive,negative,0.8638783097267151,0.8638783097267151,0.13612176477909088
quantity ektu barano uchit,negative,positive,0.8638759851455688,0.13612405955791473,0.8638759851455688
the rice is not cooked,positive,negative,0.8638691306114197,0.8638691306114197,0.1361308991909027
meat is over cooked,positive,negative,0.8638378977775574,0.8638378977775574,0.13616208732128143
taste must be improved,negative,positive,0.8637388348579407,0.13626118004322052,0.8637388348579407
ruti gula onk patla chire jae,positive,negative,0.863724410533905,0.863724410533905,0.13627560436725616
dosa size too small,positive,negative,0.8637242913246155,0.8637242913246155,0.13627566397190094
rice so hard but chicken quality good,negative,positive,0.8635269403457642,0.13647302985191345,0.8635269403457642
i ordered momo food was delicious but the problem is they are increasing the price day by day its too much,negative,positive,0.8634915351867676,0.1365084946155548,0.8634915351867676
test average but packaging and quantity good,negative,positive,0.8631278872489929,0.13687211275100708,0.8631278872489929
kaaba is bad,positive,negative,0.8629233241081238,0.8629233241081238,0.13707666099071503
the food was cold please provide warm food,positive,negative,0.8628206253051758,0.8628206253051758,0.13717934489250183
what s the benefit of discount if you don t serve the regular portion,positive,negative,0.8626803755760193,0.8626803755760193,0.1373196393251419
pack food in seal container instead of plastic cover packaging,positive,negative,0.8620972633361816,0.8620972633361816,0.13790273666381836
rice bowl with sprite for taka i was afraid but food is good stomach is not upset,positive,negative,0.8618443608283997,0.8618443608283997,0.13815557956695557
the chowmein was good enough but the scouse wasn t a good but it s okay with this price try to give fresh scouse,negative,positive,0.8617591261863708,0.13824091851711273,0.8617591261863708
food was good but took longer time to deliver,negative,positive,0.8617485165596008,0.13825154304504395,0.8617485165596008
it took more than hour to deliver food is ok,positive,negative,0.8617233633995056,0.8617233633995056,0.13827666640281677
did not receive the order,positive,negative,0.8614860773086548,0.8614860773086548,0.13851392269134521
i didn t get discount for my very st order,positive,negative,0.8614057898521423,0.8614057898521423,0.13859419524669647
extremely late delivery bcz restaurants fault the rider was working very hard,positive,negative,0.8605056405067444,0.8605056405067444,0.139494389295578
singara somucha ager moto size nai so price eki ken price o koman,positive,negative,0.860461950302124,0.860461950302124,0.13953806459903717
sandwiches price ageo beshi chilo but ekhon ager cheyeo size aro onek choto kore felse apnder tk r club sandwicher ei sizeta tk muslims prince bakery te pawa jay taste change korte kini,positive,negative,0.8604366183280945,0.8604366183280945,0.13956338167190552
food was good but didnt give any jorda or achaar,negative,positive,0.8600519895553589,0.13994808495044708,0.8600519895553589
vegetables were missing in both my plates,positive,negative,0.8599969744682312,0.8599969744682312,0.1400030106306076
bro my pizza still hasn t arrived it s been almost an hour and a half,positive,negative,0.8598227500915527,0.8598227500915527,0.14017722010612488
one borland was missing,positive,negative,0.8598160743713379,0.8598160743713379,0.1401839554309845
the taste was not the same,positive,negative,0.8592013716697693,0.8592013716697693,0.1407986581325531
burger moja chilo but apnra tomato sause diye burger er test nosto kore felen burger er jeii sasue thake oita e thik ache extra tomato sause ta diye burger er moja tai chng hoye jay,positive,negative,0.8591651320457458,0.8591651320457458,0.14083491265773773
food aste prai hours lagse,positive,negative,0.8589587211608887,0.8589587211608887,0.14104129374027252
lobon beshi chap a,positive,negative,0.858881950378418,0.858881950378418,0.14111806452274323
test is good but quantity of rice is less,negative,positive,0.8588268756866455,0.1411731243133545,0.8588268756866455
the shrimp size in hot noodles soup is getting smaller day by day taste also is not like beefy set menus item taste was good,positive,negative,0.8587577939033508,0.8587577939033508,0.14124222099781036
too much sugar added to the white creamy pasta but the chicken was good,negative,positive,0.8586480021476746,0.14135201275348663,0.8586480021476746
nothing can go wrong with bfc,positive,negative,0.8584703207015991,0.8584703207015991,0.1415296345949173
sub sandwich was perfect but the meat box was not good i think i will never order the meatbox again either improve it or drop it from the menu thank you,negative,positive,0.858437716960907,0.14156222343444824,0.858437716960907
if bones and fat are to be offered instead of meat then the price should be increased or a premium category option should be introduced where there will be a combination of meat with atalist rice,positive,negative,0.8582889437675476,0.8582889437675476,0.14171108603477478
no sauce with dumplings,positive,negative,0.8581807613372803,0.8581807613372803,0.14181922376155853
too much salty pizza but presentation was good,negative,positive,0.8579036593437195,0.14209632575511932,0.8579036593437195
wonton could have been better,negative,positive,0.8576173782348633,0.14238253235816956,0.8576173782348633
kfc chicken fries should be improved,negative,positive,0.8575555086135864,0.14244447648525238,0.8575555086135864
eto order dei but kono complementary gift pai na shudhu voucher den,positive,negative,0.8574659824371338,0.8574659824371338,0.1425340175628662
hari na dile ato price kn,positive,negative,0.8573966026306152,0.8573966026306152,0.14260341227054596
it was almost cold by the time we received the coffees,positive,negative,0.857073187828064,0.857073187828064,0.14292682707309723
why didn t you give today s bread brown bread,positive,negative,0.8568601608276367,0.8568601608276367,0.14313985407352448
pasta quantity was less than what they serve at their restaurant,positive,negative,0.8566681146621704,0.8566681146621704,0.14333191514015198
they didn t give any sauce,positive,negative,0.8565562963485718,0.8565562963485718,0.14344371855258942
test not good,positive,negative,0.8564621210098267,0.8564621210098267,0.14353786408901215
compared to the price the burger is really tasty for beedf lovers but the french fry was very disappointing it was fried in burnt oil and too soaked in oil very hard to eat,positive,negative,0.8564614057540894,0.8564614057540894,0.14353856444358826
please send the receipts to this mail khan arfan gmail com,positive,negative,0.856432318687439,0.856432318687439,0.14356772601604462
quantity onk beshi dito agay but ajke onk kom chilo onk disappoint hoyechi,negative,positive,0.8561621308326721,0.14383792877197266,0.8561621308326721
taste good but overpriced,negative,positive,0.8558101058006287,0.14418990910053253,0.8558101058006287
guys you need more practice about making food honestly this pizza is nothing if you really need to become a best first go to other restaurants and eat then eat your stuff you can rate your self e,negative,positive,0.8557437062263489,0.14425627887248993,0.8557437062263489
need more taste,negative,positive,0.8555887341499329,0.14441123604774475,0.8555887341499329
portions are good but where is the flavor not authentic at all,negative,positive,0.8555858135223389,0.14441418647766113,0.8555858135223389
the pizza that was delivered came one side folded delivery man should be careful and cautious while delivering pizza,positive,negative,0.8554629683494568,0.8554629683494568,0.1445370763540268
paid extra for chicken but they didn t give me just for this reason i m disappointed or else it was a great pizza for so less money,positive,negative,0.8551819324493408,0.8551819324493408,0.1448180079460144
bit over cooked,negative,positive,0.8551215529441833,0.14487843215465546,0.8551215529441833
they didn t add bbq sauce with nuggets,positive,negative,0.8549107313156128,0.8549107313156128,0.1450893133878708
portion size could be better,negative,positive,0.8544948101043701,0.1455051600933075,0.8544948101043701
food was good packaging was poor and the oil leaked,negative,positive,0.8542261719703674,0.1457737684249878,0.8542261719703674
food is cold,positive,negative,0.8538510203361511,0.8538510203361511,0.14614903926849365
generate invoice and mention the invoice number on the products to avoid mismatch,positive,negative,0.8537041544914246,0.8537041544914246,0.14629580080509186
way too much potatoe wedges in meatbox and chicken should be juicy inside and burger is quite good but a little extra sauce inside the bun,negative,positive,0.853248119354248,0.14675194025039673,0.853248119354248
ato rate khola ken btw khabar a kola disilo,positive,negative,0.8532426953315735,0.8532426953315735,0.1467573046684265
food quality was good but delivery time takes soo long,negative,positive,0.8531539440155029,0.14684602618217468,0.8531539440155029
jei momo amake pathano hoise oita ke momo bole na ami pic ta attached korte parchi na korle hoyto bujhaite partam oshadharon bisri chilo momo,negative,positive,0.8529526591300964,0.1470472663640976,0.8529526591300964
spacial chicken rice bowl okek mojer silo quantity onek gulo silo its so eyami ty askaw order korlam,positive,negative,0.8528305292129517,0.8528305292129517,0.14716945588588715
taste and quantity of french fries with burger is lower than my previous orders,positive,negative,0.8525878190994263,0.8525878190994263,0.14741216599941254
they have lessened their quantity of poutine they served more before price has increased but quantity is so less but taste is still good,negative,positive,0.8521489500999451,0.14785104990005493,0.8521489500999451
the kacchi was good but no kebab were given,negative,positive,0.8518646955490112,0.14813536405563354,0.8518646955490112
not much cheese only on the top,positive,negative,0.8518502116203308,0.8518502116203308,0.14814972877502441
pieces of mutton was not good as the other pieces,positive,negative,0.8515906929969788,0.8515906929969788,0.14840924739837646
taste was good but i ordered ps but got ps,positive,negative,0.8513872623443604,0.8513872623443604,0.14861279726028442
rice seethe and mutton were so hard but tasty,negative,positive,0.8511599898338318,0.14883999526500702,0.8511599898338318
morog polao is too much oily but tasty and masturd oil flavor is too strong in teheri,negative,positive,0.8511055707931519,0.14889442920684814,0.8511055707931519
nothing was good,negative,positive,0.8508549332618713,0.14914508163928986,0.8508549332618713
over priced not that much tasty,positive,negative,0.8506768941879272,0.8506768941879272,0.14932315051555634
khabar er test average chilo all over good,negative,positive,0.850654125213623,0.14934593439102173,0.850654125213623
rider rain ar modde asche vahloi,positive,negative,0.8505638837814331,0.8505638837814331,0.1494360864162445
chingri ta kokon anben stock a,positive,negative,0.8504545092582703,0.8504545092582703,0.14954543113708496
only alu puri and alor chop given,positive,negative,0.8504068851470947,0.8504068851470947,0.14959311485290527
kb s meat is just bone hard to find any meat,positive,negative,0.8499525785446167,0.8499525785446167,0.15004737675189972
chicken ar vlo tah dien bah aktu test kore daken jeh vlo ase nki,negative,positive,0.8498421907424927,0.15015782415866852,0.8498421907424927
i ve ordered sugarless cookies but they sent me sugarless bread unfortunately my office staff unpacked the bread packet otherwise i could return the bread,negative,positive,0.8497592806816101,0.15024064481258392,0.8497592806816101
the chicken was so so but the alu vorta w spicy as,negative,positive,0.8497007489204407,0.15029919147491455,0.8497007489204407
food is good but quantity is too less,negative,positive,0.8496960401535034,0.15030395984649658,0.8496960401535034
oder chicken burger ei price er moddhe shera,positive,negative,0.8496526479721069,0.8496526479721069,0.15034732222557068
today i ordered death by nutella banana strawberry waffle st was good satisfying taste but strawberry and banana purai ber hoye gesilo in fact box tai khula chilo highly dissatisfied,negative,positive,0.8489011526107788,0.1510988175868988,0.8489011526107788
in terms of kacchi it s much better than sultan s dine but still there s room for improvement,negative,positive,0.8485144972801208,0.15148550271987915,0.8485144972801208
not so premium has to do more medium rare,positive,negative,0.8484799265861511,0.8484799265861511,0.15152010321617126
the pizzas are really good but the behavior of the delivery boy was very bad,positive,negative,0.8483186364173889,0.8483186364173889,0.15168140828609467
if you want to do business with panshi you have to keep the quality and price of food like theirs the quality of your food is nowhere near theirs and the price is higher,negative,positive,0.8483147621154785,0.1516852229833603,0.8483147621154785
jurain commissioner road thke munshibari onk close chilo just pices momo around hour time lagse ei bepar gula improve kora uchit otherwise delivery man superb,negative,positive,0.848256528377533,0.15174347162246704,0.848256528377533
parother dam koto kora lakha acha kinto tk nilo bojlam na baper ta,positive,negative,0.8482519388198853,0.8482519388198853,0.15174807608127594
the chicken didn t taste good,positive,negative,0.8481485247612,0.8481485247612,0.15185143053531647
borhani te bali bali kamon jani celo,positive,negative,0.8480989933013916,0.8480989933013916,0.1519010066986084
ordered chicken fry they provided french fry asked to provide some white sauce they dont even care listening wht asked for hopeless,positive,negative,0.847935140132904,0.847935140132904,0.15206488966941833
to be honest it wasn t that good the toppings and everything was just average but anyway somewhat good,negative,positive,0.8478450775146484,0.15215495228767395,0.8478450775146484
not as good as the previous time i ordered,positive,negative,0.8477399349212646,0.8477399349212646,0.15226002037525177
you should have written the names of burgers on their cover mushroom burger was unnecessarily salty other burgers were better and the fries were so plain hope to get better service next time ingshaallah,negative,positive,0.8476484417915344,0.15235155820846558,0.8476484417915344
veggies were undercooked,positive,negative,0.8473571538925171,0.8473571538925171,0.1526428461074829
order marking was not proper on the burger box burger was good,positive,negative,0.8473289012908936,0.8473289012908936,0.15267111361026764
the beef khichuri was not lacta according to the picture yes the ratio is equal to people where it should have been,positive,negative,0.8472031354904175,0.8472031354904175,0.1527969092130661
didn t get the included coke,positive,negative,0.84702467918396,0.84702467918396,0.15297532081604004
the delivery person is not trained properly needed to explain the address multiple times and even then he made mistakes,positive,negative,0.8469512462615967,0.8469512462615967,0.1530487984418869
food tasting is good but not all that is offered with the set menu,negative,positive,0.8467251062393188,0.15327492356300354,0.8467251062393188
literally the only resturant in dhaka that can retain consistency in quality of food and produce,positive,negative,0.8467162251472473,0.8467162251472473,0.15328381955623627
delivery is not fast as app showed me after my order and delivery man is kind of stingy jokes a pert,positive,negative,0.8467046618461609,0.8467046618461609,0.1532953381538391
alhamdulilla order received,positive,negative,0.8464175462722778,0.8464175462722778,0.15358245372772217
meat box a ai first kono restaurant maybe ato chicken and sausage dey pc just potato chilo bki sob meat,positive,negative,0.8463348746299744,0.8463348746299744,0.15366511046886444
food is good but delivery time is so so long,negative,positive,0.84613436460495,0.15386563539505005,0.84613436460495
i love foodnest to give more than five stars but double chicken cheese burger was just waste of money er theke tader takar burger better,negative,positive,0.8460371494293213,0.1539628952741623,0.8460371494293213
i didn t get food,positive,negative,0.8460280895233154,0.8460280895233154,0.153971865773201
burger good poutine bad,positive,negative,0.8458017706871033,0.8458017706871033,0.15419821441173553
they didn t heat the lava cake,positive,negative,0.8457652926445007,0.8457652926445007,0.15423469245433807
khabar ta valo c lo kintu nehari te mangsho kom c lobutoveralls sundor ec lo,negative,positive,0.8454473614692688,0.15455269813537598,0.8454473614692688
only piece of meat but they still call it special quantity is absolutely the same but they re selling it on higher price by naming special otherwise the taste was good,negative,positive,0.8452397584915161,0.15476028621196747,0.8452397584915161
the chili cheese fries were tasty and in a good portion will order again however the chicken pop was disappointing,positive,negative,0.8451523780822754,0.8451523780822754,0.154847651720047
the food was good but the delivery man disrespected me heated up the mood,negative,positive,0.8451051115989685,0.1548948585987091,0.8451051115989685
i think curry quantity aktu barano uchit,negative,positive,0.8448014259338379,0.1551985740661621,0.8448014259338379
ok for the price but you have to wait a very long time to pick up the order,negative,positive,0.8448005318641663,0.15519949793815613,0.8448005318641663
apnader khabar er taste and quality different howai almost regular e order kori the aroma suddenly you ve increased the price requesting dekchi to keep the price within limit,positive,negative,0.8447487950325012,0.8447487950325012,0.15525119006633759
salad and chatni would have been better,negative,positive,0.8446743488311768,0.15532569587230682,0.8446743488311768
chocolate overloaded e chocolate onk kom,positive,negative,0.8444915413856506,0.8444915413856506,0.15550841391086578
the pasta was not so good,positive,negative,0.8444780707359314,0.8444780707359314,0.15552189946174622
chicken crust was hard to eat,positive,negative,0.844465970993042,0.844465970993042,0.1555340439081192
am you are up all night with work what do you get from foodpanda kishmot and al kareem both have commendable quality,positive,negative,0.8444345593452454,0.8444345593452454,0.15556538105010986
the ceo of paid advertisements their food looks amazing with high saturation filter in social media in reality their food quantity is beyond disappointing along with the miserable taste,negative,positive,0.844277024269104,0.1557229906320572,0.844277024269104
rider use was good packaging was also good but the taste was not good extra sour tomato sauce used i didn t like that everything else is fine,negative,positive,0.8441320061683655,0.1558680385351181,0.8441320061683655
i have ordered fuoco special meatbox food taste was good but food quantity is much less according to price i mean seriously they are taking tk for providing very small portion of a meatbox,positive,negative,0.8436028361320496,0.8436028361320496,0.15639714896678925
shrimps was bad,positive,negative,0.8434127569198608,0.8434127569198608,0.15658718347549438
didn t get the medium garlic sauce we ordered,positive,negative,0.8433824181556702,0.8433824181556702,0.15661759674549103
no boba adding option on app,positive,negative,0.8432782888412476,0.8432782888412476,0.15672171115875244
chap er sathe salad dei nai,positive,negative,0.8432632088661194,0.8432632088661194,0.15673673152923584
the drink provided was not chilled,positive,negative,0.8432496786117554,0.8432496786117554,0.15675030648708344
i ordered the grill the grill is so small that it looks like a gram chicken baste the sauce at once with the grill the grill tastes just right,positive,negative,0.8430686593055725,0.8430686593055725,0.15693137049674988
they should improve their kacch s test top notched was the morog polaw egg khichuri was too much turmeric flavoured test seems bitter,positive,negative,0.8429328203201294,0.8429328203201294,0.1570671796798706
most food was spilled when received need better packaging,positive,negative,0.842904806137085,0.842904806137085,0.15709516406059265
the food was good but the delivery time was very very long,negative,positive,0.842885434627533,0.15711462497711182,0.842885434627533
vat ta besi diye dichen,positive,negative,0.8428625464439392,0.8428625464439392,0.1571374088525772
never ordering burgers again i ve tried their other items a few times before they were excellent but their burgers are shit didn t put any cheese as they mentioned the meat was too hard to chew,negative,positive,0.842552125453949,0.1574479043483734,0.842552125453949
the amount of rice is very less,positive,negative,0.8424503207206726,0.8424503207206726,0.157549649477005
no salt in egg curry,positive,negative,0.8419981598854065,0.8419981598854065,0.1580018401145935
the coke wasn t there,positive,negative,0.8419239521026611,0.8419239521026611,0.15807604789733887
i ordered chizza an average meal not something so worthy or hyped,positive,negative,0.8418383598327637,0.8418383598327637,0.15816164016723633
no sauce why,positive,negative,0.841769814491272,0.841769814491272,0.15823018550872803
french fries er jaygay bonruti diye dise ektabar janano drkr chilo otherwise chicken er test onkkkk mojaaaa,positive,negative,0.841744601726532,0.841744601726532,0.15825538337230682
they did not give salads,positive,negative,0.8417013883590698,0.8417013883590698,0.15829864144325256
there were dead ants in the yard need to be more careful everything else is fine,positive,negative,0.8414969444274902,0.8414969444274902,0.15850301086902618
always your food is good but today you dont follow instructions and fuchka gula potano silo,negative,positive,0.8414602279663086,0.1585397571325302,0.8414602279663086
can be better,negative,positive,0.8414165377616882,0.15858346223831177,0.8414165377616882
khabar vlo but onk besi deri kore pathate jotnoban hoa ucit,negative,positive,0.8414126634597778,0.15858736634254456,0.8414126634597778
crispness is gone completely kfc should introduce proper parcel packaging where food moist can evaporate in order to maintain a minimum level of crispness,positive,negative,0.8413513898849487,0.8413513898849487,0.15864862501621246
sandwich could be better too much tomato mixed fried rice was not good too much salty amount of chicken was poor,positive,negative,0.8412930369377136,0.8412930369377136,0.15870696306228638
less chicken was inside the shawarma,positive,negative,0.8412265181541443,0.8412265181541443,0.1587735265493393
brioche bun not available,positive,negative,0.8410912752151489,0.8410912752151489,0.1589086800813675
there were three behind back is fat and small back is meat if this is their system it is better to write it down,positive,negative,0.8410771489143372,0.8410771489143372,0.1589229255914688
i ordered meatball pasta but the amount of pasta was not satisfying,positive,negative,0.8407284617424011,0.8407284617424011,0.15927153825759888
nam hesbe ato valo selona ami aro valo quality asa korselam onader theke,negative,positive,0.8404277563095093,0.15957224369049072,0.8404277563095093
it could be more better accroding to the price,negative,positive,0.8404203653335571,0.15957961976528168,0.8404203653335571
low beget a baloi pizza no doubt kinen r khan,positive,negative,0.8404111862182617,0.8404111862182617,0.15958884358406067
food was too little potion,positive,negative,0.840313196182251,0.840313196182251,0.15968675911426544
expected better taste,negative,positive,0.8402149677276611,0.15978500247001648,0.8402149677276611
too much late delivery from restaurant,positive,negative,0.8399998545646667,0.8399998545646667,0.16000019013881683
bring back the taste it had a couple of years ago,positive,negative,0.839792788028717,0.839792788028717,0.16020722687244415
food too cold packing could be better with foil instead of paper,positive,negative,0.8395853638648987,0.8395853638648987,0.16041463613510132
i like the food very much rice should have option,positive,negative,0.8386960625648499,0.8386960625648499,0.16130387783050537
chitoi pitha koi ar pai na keno please available korun,positive,negative,0.8385114669799805,0.8385114669799805,0.16148853302001953
check out foodpanda if you have tasty treats there,positive,negative,0.8384593725204468,0.8384593725204468,0.16154062747955322
but quantity kom,negative,positive,0.8384289145469666,0.16157104074954987,0.8384289145469666
iced lemon tea classic burger is good but onion rings are not well cooked,negative,positive,0.8383646011352539,0.16163542866706848,0.8383646011352539
it s good but it would have been better if it was given in time and there was a free accessory so if we didn t get it it can be said that it s pretty good,negative,positive,0.838266909122467,0.16173313558101654,0.838266909122467
today s tea was not fun,positive,negative,0.8380346894264221,0.8380346894264221,0.16196535527706146
their shop price is for the same item,negative,positive,0.8379407525062561,0.1620592623949051,0.8379407525062561
taste was not as before the audit team and quality assurance team must concern,positive,negative,0.837938666343689,0.837938666343689,0.16206134855747223
order arrived very late bfc should take a look at this,positive,negative,0.8376679420471191,0.8376679420471191,0.16233201324939728
burger was fine but they took long time to prepare it,negative,positive,0.8376456499099731,0.16235439479351044,0.8376456499099731
food came cold,positive,negative,0.8367353081703186,0.8367353081703186,0.16326463222503662
they didn t provide me the chilli sauce,positive,negative,0.8366997838020325,0.8366997838020325,0.16330021619796753
agar moto nai,positive,negative,0.8366983532905579,0.8366983532905579,0.16330161690711975
quantity was good but fries were little bit hard sorry to say but i m not satisfied,negative,positive,0.8366337418556213,0.16336627304553986,0.8366337418556213
delivery is too slow,positive,negative,0.8365829586982727,0.8365829586982727,0.1634169965982437
the rice was sooooooo oily and seemed like a day old rice it wasn t like the always fresh one,positive,negative,0.8364017605781555,0.8364017605781555,0.1635982245206833
salad was not ok not properly boiled vegetables,positive,negative,0.8362360000610352,0.8362360000610352,0.16376401484012604
food is very very tast preetom,positive,negative,0.8361085653305054,0.8361085653305054,0.16389137506484985
today is not good to taste and quality but i was satisfied last day last day it was supreme,positive,negative,0.8358630537986755,0.8358630537986755,0.16413691639900208
the quantity of meat in tehri was very less earlier when i had it few times the quantity was good but lately the quality of tehri is not good,positive,negative,0.8356408476829529,0.8356408476829529,0.1643592119216919
should provide more soup,negative,positive,0.8355858325958252,0.1644141674041748,0.8355858325958252
quality vlo tba price actu basi mona hye,positive,negative,0.8355794548988342,0.8355794548988342,0.164420485496521
when i used to order earlier the food was good but lately the quality of the food has deteriorated,positive,negative,0.8350370526313782,0.8350370526313782,0.16496294736862183
they should learn more about this and thin crust,positive,negative,0.8348957896232605,0.8348957896232605,0.1651041954755783
parat not so much fluffy,positive,negative,0.8346350193023682,0.8346350193023682,0.16536499559879303
the dim chop didn t justify the name as there was very little egg and full of potatoes doesn t worth the penny they should provide sauce,positive,negative,0.8346349596977234,0.8346349596977234,0.1653650552034378
amar thake tader chicken lollipop ta average lagce,negative,positive,0.8346324563026428,0.16536754369735718,0.8346324563026428
salt basi silo,positive,negative,0.8344109058380127,0.8344109058380127,0.16558915376663208
when they changed the order for availability issue they never informed,positive,negative,0.8342958092689514,0.8342958092689514,0.16570422053337097
i did not get any naga wings,positive,negative,0.8342912197113037,0.8342912197113037,0.1657087504863739
the amount of rice was not sufficient compared to the previous order moreover the meat size of the kacchi biriyani was not adequate and the authorities should work on it,positive,negative,0.8341673016548157,0.8341673016548157,0.1658327877521515
apnader burger sauce ektu kom sour korle khete ro vlo lgbe eto besi sour burger sauce vlo lge na,positive,negative,0.8340109586715698,0.8340109586715698,0.16598902642726898
khabar valoi laglo but dam hisabe onek kom,negative,positive,0.8337449431419373,0.16625511646270752,0.8337449431419373
the fries were cold,positive,negative,0.8337051868438721,0.8337051868438721,0.16629484295845032
delivery time was too long it takes minutes to deliver online pcs chicken chap,positive,negative,0.8336842656135559,0.8336842656135559,0.16631574928760529
it was ok i guess,negative,positive,0.8336310386657715,0.1663689762353897,0.8336310386657715
i ordered pasta basta test was good as always but this time the size of the box is much smaller the amount of pasta is also reduced almost half of the previous amount it is very disappointing,positive,negative,0.8335979580879211,0.8335979580879211,0.16640204191207886
chicken shawarma had no chicken in it only found some bone and slight meat in it although the taste was good enough try to add some more chicken in it next time,positive,negative,0.8333842754364014,0.8333842754364014,0.16661570966243744
there were no eggs eggs would have been better,positive,negative,0.8329378366470337,0.8329378366470337,0.16706210374832153
not the expected size for the price,positive,negative,0.8328273892402649,0.8328273892402649,0.1671726554632187
not that satisfied definitely not like the picture of the food,positive,negative,0.8327376842498779,0.8327376842498779,0.1672622710466385
basmoti kacchi ta khub jhal cilo r mangso gulo hard cilo onk acara over all valo,positive,negative,0.8326647877693176,0.8326647877693176,0.16733519732952118
i got no sauce packets,positive,negative,0.8325590491294861,0.8325590491294861,0.16744092106819153
they are not serving the fresh food like it was before anyway the food could be consumed,positive,negative,0.8325453400611877,0.8325453400611877,0.16745464503765106
i have taken food from you many times the previous ones were normal but the beef sharma and chao mein ordered today were both cold and the food didn t taste good,positive,negative,0.8324046730995178,0.8324046730995178,0.16759538650512695
taste was good but so small quantity according to price,negative,positive,0.8323798775672913,0.16762013733386993,0.8323798775672913
naan bread is not very good,positive,negative,0.8322190046310425,0.8322190046310425,0.16778095066547394
your food is so good but potatoes are not cooked perfectly,negative,positive,0.8320029973983765,0.16799697279930115,0.8320029973983765
i received bad reviews for two days so i gave a negative review but today i received this order so well that if i could have given a higher rating i would have given it,positive,negative,0.8316636085510254,0.8316636085510254,0.16833645105361938
the quantity was very less,positive,negative,0.8316487669944763,0.8316487669944763,0.1683512181043625
only buy sugarcane from here,positive,negative,0.831638753414154,0.831638753414154,0.16836126148700714
i wanted farm fresh milk and you sent along why,negative,positive,0.83158940076828,0.16841059923171997,0.83158940076828
average but the value for money should have been a bit better the wood is a little extra thin,negative,positive,0.8312863111495972,0.16871368885040283,0.8312863111495972
the borhani has become bad too much pudina but no spices at all,positive,negative,0.8312824964523315,0.8312824964523315,0.16871748864650726
owasam and excelent and healthy they cook their meal in matir chula,positive,negative,0.8309680819511414,0.8309680819511414,0.16903187334537506
not so great because the food was spilled,positive,negative,0.830779492855072,0.830779492855072,0.16922053694725037
the chicken at the bottom gets soggy because of the vapor from hot chicken you need to find a better way to deliver large quantities,positive,negative,0.8306424021720886,0.8306424021720886,0.1693575531244278
vlo korte hove,negative,positive,0.8305380344390869,0.1694619506597519,0.8305380344390869
food was good but i ordered beef cheese volcano and they sent me chicken cheese volcano,negative,positive,0.8304540514945984,0.1695459932088852,0.8304540514945984
i asked for a leg piece and did not get it,positive,negative,0.8303569555282593,0.8303569555282593,0.1696430891752243
i love their burgers but this time the burger wasn t fresh it was cold,negative,positive,0.8302202224731445,0.16977974772453308,0.8302202224731445
food was not up to the mark aloo bhaji quantity was less i ordered roasted dal but got thin dal i ordered laccha paratha and got bread fried in oil overall they should be honest about food,positive,negative,0.8298325538635254,0.8298325538635254,0.17016741633415222
the pizza was almost cold when it arrived requesting to exercise to keep it warmer thank you,positive,negative,0.8297759294509888,0.8297759294509888,0.170224130153656
food was very good but did not give salad it did a very bad job,negative,positive,0.829737663269043,0.17026229202747345,0.829737663269043
not very filling,positive,negative,0.8296054005622864,0.8296054005622864,0.170394629240036
food was godof but ordered khichuri with egg omlette but got khichuri only there was no egg omelette,positive,negative,0.8295264840126038,0.8295264840126038,0.17047350108623505
food was good but i ordered the nachos and they didn t give me the tortilla chips just the toppings,negative,positive,0.829404354095459,0.17059561610221863,0.829404354095459
didn t give the breast piece,positive,negative,0.8290988206863403,0.8290988206863403,0.17090114951133728
my rd order besttttt,positive,negative,0.8289754986763,0.8289754986763,0.17102445662021637
the packaging is very very poor but the food taste is good,positive,negative,0.8286684155464172,0.8286684155464172,0.17133155465126038
hlw amke ki help korben ektu,negative,positive,0.828352153301239,0.1716478168964386,0.828352153301239
it s good but the quantity is very small but if you go directly without placing an order for pieces everything will be fine,negative,positive,0.8278164267539978,0.17218361794948578,0.8278164267539978
the taste was very good but quantity was poor mutton piece also was not satisfactory,negative,positive,0.8277377486228943,0.1722622662782669,0.8277377486228943
while ordering i always keep a special request to them in the note section but they never follow it i e today i requested a leg piece while ordering chicken khichuri but as usual wrong piece,negative,positive,0.8277099132537842,0.1722901314496994,0.8277099132537842
double burger that costs plus should have two slices for cheese they didn t even give one in fact the cheese is halved the value for money has actually depreciated,positive,negative,0.8276646733283997,0.8276646733283997,0.1723354011774063
jomidari voj s mutton leg roast is far far better than star kabab s mutton leg roast,negative,positive,0.8274944424629211,0.17250557243824005,0.8274944424629211
burger er patty ta dry silo extra cheese dite bolesilam kintu khub e kom diyesilo coffee ta valo silo sob miliye average,negative,positive,0.8273765444755554,0.1726234257221222,0.8273765444755554
meat selection was poor,positive,negative,0.8273329734802246,0.8273329734802246,0.17266704142093658
the soup was salty a rare mistake by cafe milano usually they are mindful of seasonings the pasta was stellar as usual,positive,negative,0.827148973941803,0.827148973941803,0.17285101115703583
thai soup was too sweet cant eat salad was good,negative,positive,0.8271350264549255,0.17286495864391327,0.8271350264549255
food was good but the portions were very small,negative,positive,0.8270197510719299,0.17298021912574768,0.8270197510719299
test good but over salted,negative,positive,0.8269795775413513,0.1730203628540039,0.8269795775413513
food is not warm,positive,negative,0.8269195556640625,0.8269195556640625,0.1730804145336151
very high price,negative,positive,0.826546847820282,0.1734531968832016,0.826546847820282
the quality of food is good but bro the food has become scarce,negative,positive,0.8264850378036499,0.17351502180099487,0.8264850378036499
the special butter nun was too crispy just like they just brushed the butter on the regular nun,negative,positive,0.8264622092247009,0.1735377460718155,0.8264622092247009
very less portion on tehari,positive,negative,0.8262104392051697,0.8262104392051697,0.17378956079483032
the amount was very less,positive,negative,0.825404703617096,0.825404703617096,0.17459523677825928
make the packaging like before and provide tissues,negative,positive,0.8253808617591858,0.1746191829442978,0.8253808617591858
please cook your duo properly and use fresh meat,negative,positive,0.8242350816726685,0.17576490342617035,0.8242350816726685
presently you do not have large glass i am a long time customer i used to take large glasses i am asking for the owner s attention please buy large glass immediately juice is nice,positive,negative,0.8241777420043945,0.8241777420043945,0.17582228779792786
it was good but i ordered for extra white sauce but only gave me red sauce,negative,positive,0.8241099119186401,0.17589011788368225,0.8241099119186401
the chicken was not tasty,positive,negative,0.8238166570663452,0.8238166570663452,0.17618334293365479
home delivery option on koren na ken khuda lagse to dure basha tai bole ki amader khawar odhikar nai pls,positive,negative,0.8237380385398865,0.8237380385398865,0.17626197636127472
all members service supportive,positive,negative,0.8236279487609863,0.8236279487609863,0.1763719767332077
the order was as per the instruction i gave,positive,negative,0.8234884142875671,0.8234884142875671,0.17651160061359406
not opened yet,positive,negative,0.8233921527862549,0.8233921527862549,0.17660783231258392
quantity of daal is poor tomato bhorta is not tasted like before,positive,negative,0.8231461048126221,0.8231461048126221,0.17685386538505554
food was not that hot,positive,negative,0.8231345415115356,0.8231345415115356,0.17686544358730316
everything was fine but the mistake is that i brought kacchi but didn t get packet and salat,negative,positive,0.8231247067451477,0.1768752783536911,0.8231247067451477
their regular size is the same as mini size taste was avg,negative,positive,0.823006808757782,0.17699316143989563,0.823006808757782
not delicious as before portion size also become smaller,positive,negative,0.822974681854248,0.822974681854248,0.17702533304691315
they shoyld order to this restaurant,positive,negative,0.8228346705436707,0.8228346705436707,0.17716525495052338
burger not as good as their pizzas,positive,negative,0.822331428527832,0.822331428527832,0.17766854166984558
jevabe bolsi thik oivabei baniye dise,positive,negative,0.8221355080604553,0.8221355080604553,0.17786450684070587
the taste of tastebud is undoubtedly very good sales boys are not trained you don t have to study a lot to speak well someone has to teach check out chatime tree house their usage is great,negative,positive,0.8219419717788696,0.17805804312229156,0.8219419717788696
quantity is so less,positive,negative,0.8214650750160217,0.8214650750160217,0.17853493988513947
food was good but they placed wrong item and packaging should be better food was out of,negative,positive,0.82146155834198,0.17853836715221405,0.82146155834198
today is much less than yesterday,positive,negative,0.820946216583252,0.820946216583252,0.17905376851558685
they changed the ordered cake i had to pick choco vanilla,positive,negative,0.8208432793617249,0.8208432793617249,0.17915670573711395
pasta rating burger rating it took almost hour to deliver the food,positive,negative,0.8207859396934509,0.8207859396934509,0.17921410501003265
the coleslaw was bitter in taste,positive,negative,0.8206270337104797,0.8206270337104797,0.17937299609184265
too long waiting line,positive,negative,0.8202992081642151,0.8202992081642151,0.17970074713230133
food was good but they don t have time sense they took more than hour to complete their process else the food was good budget worthy according to this area,negative,positive,0.8202545046806335,0.17974552512168884,0.8202545046806335
not given sauce,positive,negative,0.8200224041938782,0.8200224041938782,0.17997753620147705
price ektu desi,negative,positive,0.8199939727783203,0.1800060272216797,0.8199939727783203
dlvry man make a small mistake it s not a big issues we are waiting for a good survives from u and they provide nanna bereani not noyan,positive,negative,0.819772481918335,0.819772481918335,0.18022756278514862
the quantity was good but the taste and quality was much better before,negative,positive,0.8197339773178101,0.18026603758335114,0.8197339773178101
not to good,positive,negative,0.8197010159492493,0.8197010159492493,0.18029899895191193
korola vaji ta vloi chilo,negative,positive,0.8195935487747192,0.18040642142295837,0.8195935487747192
the brownie is basic the iced latte is basic too,positive,negative,0.8191009163856506,0.8191009163856506,0.18089914321899414
food was not hot,positive,negative,0.8188166618347168,0.8188166618347168,0.18118338286876678
iftari motamoti vlo,negative,positive,0.8186266422271729,0.18137332797050476,0.8186266422271729
the noodles were way too spicy for anyone to eat,positive,negative,0.8185592889785767,0.8185592889785767,0.18144066631793976
so late delivery,positive,negative,0.8185017704963684,0.8185017704963684,0.181498184800148
pizzaburg s great they treat their customers with care can t say the same for foodpanda delivery men are extremely incompetent and downright idiots ruined last pizzas from pizzaburg,negative,positive,0.8178195357322693,0.1821804940700531,0.8178195357322693
biryani was too dry,positive,negative,0.8177425861358643,0.8177425861358643,0.18225741386413574
they keep items posted for sale even though they don t have it in stock,positive,negative,0.817476749420166,0.817476749420166,0.1825232356786728
taste is good but its packaging disappointed me,negative,positive,0.8172794580459595,0.18272049725055695,0.8172794580459595
the sandwich looked nothing like the picture and the size of the burger was really small but the burger was tasty,negative,positive,0.8168306350708008,0.18316936492919922,0.8168306350708008
very late delivery the taste is good,negative,positive,0.8165330290794373,0.18346701562404633,0.8165330290794373
why you add naga sauce,negative,positive,0.816486120223999,0.18351387977600098,0.816486120223999
ordered pcs of chicken momo but i got only i don t know what is going on but the food was good enough,positive,negative,0.8164817690849304,0.8164817690849304,0.1835182011127472
it took approximately ninety five minutes to get the delivery instead of twenty five minutes but food was warm and taste was good deliveryman was fast enough to deliver but delay was done by the restur,negative,positive,0.8164684772491455,0.1835315227508545,0.8164684772491455
add more flavor to food,negative,positive,0.8163214325904846,0.18367856740951538,0.8163214325904846
it wasnt as much tasty as expected salt was less and lack of flavor,negative,positive,0.8162675499916077,0.18373239040374756,0.8162675499916077
pasta was very good no doubt but chicken sizzling and fried rice sorry it was not upto the mark,negative,positive,0.8161928653717041,0.1838071197271347,0.8161928653717041
was my favorite but now quality has dropped,negative,positive,0.8161050081253052,0.18389494717121124,0.8161050081253052
taste was good but quantity was not satisfactory,negative,positive,0.8159873485565186,0.18401268124580383,0.8159873485565186
empty stomach rumbles,positive,negative,0.815973162651062,0.815973162651062,0.1840268224477768
i ordered at o clock and now it s a m i still haven t received it,positive,negative,0.8158462047576904,0.8158462047576904,0.18415378034114838
the french fries were perfect but the other food s ingredient combination were disappointed,negative,positive,0.8156875967979431,0.1843123883008957,0.8156875967979431
fuska was good bt french fry was so salty,negative,positive,0.8155049681663513,0.18449503183364868,0.8155049681663513
hv ordered boomboom family platter test was very good except the tahini sauce it smelled rotten qty of shish tawook is too poor only small cube it should be at least other things qty were fine,positive,negative,0.8153918385505676,0.8153918385505676,0.18460817635059357
cucumber is not given then the piece of meat is very small,positive,negative,0.8153902888298035,0.8153902888298035,0.18460974097251892
not that good try to improve the taste of the chicken,positive,negative,0.8148324489593506,0.8148324489593506,0.18516750633716583
the food was very good but what i was ordering was delivered less than two items less i could not accept this,negative,positive,0.8147809505462646,0.18521906435489655,0.8147809505462646
mutton wasn t cooked well,positive,negative,0.8145372271537781,0.8145372271537781,0.18546278774738312
compare to the price it s just a normal nothing special or anything average type food,positive,negative,0.8144405484199524,0.8144405484199524,0.18555951118469238
onk late a paisi but khabar vlo chilo rider vlo na behavior vlo chilo na,positive,negative,0.8143945336341858,0.8143945336341858,0.18560552597045898
need to increase the chicken curry test,negative,positive,0.8139127492904663,0.1860872507095337,0.8139127492904663
i picked the option for regular and the fried chicken was so spicy,negative,positive,0.8139041662216187,0.18609584867954254,0.8139041662216187
although the food was good but the delivery took more time than i thought it would,negative,positive,0.8135742545127869,0.18642577528953552,0.8135742545127869
ok i neither hate the kacchi nor i love it maybe a little more salt could make the kacchi taste even better maybe then i would ve given it,negative,positive,0.8134627342224121,0.18653729557991028,0.8134627342224121
mutton tehari was good but mutton meat was not properly given,negative,positive,0.8133627772331238,0.1866372674703598,0.8133627772331238
the pasta was too much spicy but other food was good,negative,positive,0.8131935000419617,0.18680648505687714,0.8131935000419617
taste is good but it s shows larger in picture than it s real,negative,positive,0.8130588531494141,0.18694111704826355,0.8130588531494141
ordered some patties taste is not bad,positive,negative,0.8129243850708008,0.8129243850708008,0.187075674533844
test super bt tissu den nai,positive,negative,0.812922477722168,0.812922477722168,0.18707753717899323
taste wise daam onk beshi,negative,positive,0.8127725720405579,0.18722741305828094,0.8127725720405579
salad should be served with kacchi,negative,positive,0.8126602172851562,0.18733976781368256,0.8126602172851562
bdt burger was so so tiny that it was the size of a tennis ball bdt mini burger is times larger than this comparing bfc mini burger costing bdt or so bfc burger will be times bigger,negative,positive,0.8119125962257385,0.18808741867542267,0.8119125962257385
i asked for extra suace but they didn t provide it,positive,negative,0.8118898272514343,0.8118898272514343,0.18811023235321045
taste could have been better,negative,positive,0.8116437792778015,0.1883562207221985,0.8116437792778015
food taste was good but quality over priced,negative,positive,0.8114009499549866,0.18859900534152985,0.8114009499549866
not too bad but okay,negative,positive,0.8112673163414001,0.18873263895511627,0.8112673163414001
two items were missing drinks and coleslaw,positive,negative,0.8112581968307495,0.8112581968307495,0.1887417584657669
didn t like it very much,positive,negative,0.8103867173194885,0.8103867173194885,0.18961331248283386
chicken had almost no flavour tandoori sauce was good though,positive,negative,0.8102787137031555,0.8102787137031555,0.18972131609916687
ma r baccha gula shawarma er quality and quantity ekdom sesh kore felse daily price increase kore r bhaab cho,negative,positive,0.8102520704269409,0.18974792957305908,0.8102520704269409
meat pieces gula etto choto kore felse,positive,negative,0.8098734021186829,0.8098734021186829,0.19012662768363953
ekta kacchi teh meat pec kom porse,positive,negative,0.8096118569374084,0.8096118569374084,0.19038809835910797
chingri mas ek kotay osadharon,positive,negative,0.8095831871032715,0.8095831871032715,0.19041675329208374
khabar always thanda shokto den,positive,negative,0.8095661401748657,0.8095661401748657,0.1904337853193283
the quantity is decrease,negative,positive,0.8095635175704956,0.19043654203414917,0.8095635175704956
i order third time from this restaurant but it was not so good,positive,negative,0.8095046281814575,0.8095046281814575,0.19049541652202606
the cake is good but the photo is misleading although the description is clear but the photo,negative,positive,0.8094850778579712,0.19051498174667358,0.8094850778579712
quantity was less also less meat pieces,positive,negative,0.8094597458839417,0.8094597458839417,0.19054022431373596
day by day their chicken portion is getting smaller smaller,positive,negative,0.8093861937522888,0.8093861937522888,0.1906137764453888
last day i ordered tehari but they didn t give me salad with tehari that s why i m giving stars i hope they should be more focused on this matter,positive,negative,0.8092655539512634,0.8092655539512634,0.19073441624641418
packet cost too much,positive,negative,0.8091456294059753,0.8091456294059753,0.19085431098937988
red velet waffle was overcooked and it was ver hard and crunchy and did not taste like red velvet at all other waffle was fine,positive,negative,0.8090307712554932,0.8090307712554932,0.19096919894218445
delicious food but missing sauce,negative,positive,0.8086461424827576,0.19135387241840363,0.8086461424827576
it was overall decilicious but cucumber is missing,negative,positive,0.8084051012992859,0.1915949285030365,0.8084051012992859
the burger was tasty but it was not hot,negative,positive,0.8082253932952881,0.19177459180355072,0.8082253932952881
they provide me chicken chilli instead of manchurian,positive,negative,0.8081761598587036,0.8081761598587036,0.1918238252401352
overpriced and average drinks,positive,negative,0.8081570267677307,0.8081570267677307,0.1918429583311081
they never disappointed me,positive,negative,0.8078481554985046,0.8078481554985046,0.19215187430381775
packed with a little sauce,negative,positive,0.8073247075080872,0.1926753669977188,0.8073247075080872
why not pray if you read and eat you will offer salat and if you take it you will not offer salat but your service is good,positive,negative,0.8073076605796814,0.8073076605796814,0.1926923543214798
waffle good donut bad,positive,negative,0.8072854280471802,0.8072854280471802,0.1927146017551422
i was saying no spice,positive,negative,0.8072798252105713,0.8072798252105713,0.19272010028362274
is that a mini burger,negative,positive,0.8072705268859863,0.19272947311401367,0.8072705268859863
chicken naga burger and chicken cheese burger order korchilam naga burger tastewise good but konotar e chicken patty valo chilo na mone hoiche peyaj sobjir chap hope quality improve korben,negative,positive,0.807223379611969,0.1927766352891922,0.807223379611969
one of the items was out of stock food panda should show how many items are in the stock,positive,negative,0.8070960640907288,0.8070960640907288,0.19290395081043243
alhamdulillah khub moja amr nd order amr kache ekdom basay ranna kora khabarer moto lage extra kono flavor ney kono baje smell ney r ekdom gorom khabar pathay,positive,negative,0.8068963885307312,0.8068963885307312,0.1931035816669464
the lettuce is wilted,negative,positive,0.8063972592353821,0.19360271096229553,0.8063972592353821
portion was not what i ordered,positive,negative,0.8061947822570801,0.8061947822570801,0.1938052475452423
need to do better,negative,positive,0.8061304688453674,0.19386950135231018,0.8061304688453674
i was not present and the delivery guy deceived my mother and took tk in cash although the payment was done offline this report is for food panda the food was delicious though,negative,positive,0.8060494065284729,0.19395053386688232,0.8060494065284729
although i have ordered pcs smoky chicken bucket they had only provided mini pack sauce which was not enough to eat with those chicken otherwise food was good,positive,negative,0.8058891892433167,0.8058891892433167,0.19411078095436096
was before there is sugar on top,negative,positive,0.8057336211204529,0.1942664086818695,0.8057336211204529
extremely expensive food,positive,negative,0.8055233955383301,0.8055233955383301,0.19447654485702515
it was good but quantity was poor,negative,positive,0.8054431080818176,0.19455690681934357,0.8054431080818176
taste was good but seller didn t follow the instructions i forbid to make it spicy but surgery was done on my face but it was still prohibited there were only pieces of sausage,negative,positive,0.8049920201301575,0.19500792026519775,0.8049920201301575
they should packet the coleslaw in a way so thst it dont spill the coleslaw spilled and ruined my bag,positive,negative,0.8041633367538452,0.8041633367538452,0.19583670794963837
i like it so much that i couldn t leave a review mexican burgers and double layer pizzas are just insane,positive,negative,0.8040654063224792,0.8040654063224792,0.19593453407287598
momo was good but sub sandwich was spoil,negative,positive,0.8036231994628906,0.19637681543827057,0.8036231994628906
as always the delivery service is good it is not a bad idea to give you a course on how to properly package the parcel for delivery,negative,positive,0.8035179972648621,0.19648201763629913,0.8035179972648621
i am a regular customer i always suggest others to taste etalia s pizza last time i ordered pizza mangsho gulo kono slice a eksthe hoye silo r kono slice a siloi na ekjon mangsho tmn payni,positive,negative,0.8033940196037292,0.8033940196037292,0.19660601019859314
i did not like yhe biscuits,positive,negative,0.8033145070075989,0.8033145070075989,0.19668547809123993
the price is increased after my st order the chicken khichuri at taka price should be given,positive,negative,0.803195059299469,0.803195059299469,0.19680488109588623
the taste was good but they used to provide two type of sauce but now they just provide one sauce which i didn t like,negative,positive,0.8030548095703125,0.1969451904296875,0.8030548095703125
the food was good but the quantity was less and no salad was served,negative,positive,0.8029482960700989,0.19705170392990112,0.8029482960700989
asked for extra gravy wasn t there,positive,negative,0.802849292755127,0.802849292755127,0.19715063273906708
they food was found in a bit of a messed up state at delivery,positive,negative,0.802787184715271,0.802787184715271,0.1972128301858902
they didn t provide any leg piece,positive,negative,0.8022972941398621,0.8022972941398621,0.19770267605781555
baked pasta was not so good,positive,negative,0.8022100925445557,0.8022100925445557,0.19778992235660553
everything was good but the food was cold not hot,negative,positive,0.8021911978721619,0.19780884683132172,0.8021911978721619
the flavor of the lemongrass was not sufficient as before,positive,negative,0.8017073273658752,0.8017073273658752,0.19829267263412476
the kacchi was too much oily and masala,positive,negative,0.8017064929008484,0.8017064929008484,0.1982935070991516
portion ta increase kora dorker according to price,negative,positive,0.8017007112503052,0.1982993334531784,0.8017007112503052
very experienced i could not get my food,positive,negative,0.8016006946563721,0.8016006946563721,0.19839929044246674
but your regular customer today s food was banshi,negative,positive,0.801425039768219,0.1985749751329422,0.801425039768219
always forgets to give the rice,negative,positive,0.8013553619384766,0.19864463806152344,0.8013553619384766
they don t give me sauce,positive,negative,0.8013327717781067,0.8013327717781067,0.1986672431230545
needed extra mayonnaise,negative,positive,0.8011205792427063,0.1988794356584549,0.8011205792427063
ektuuu kom disen bhai,positive,negative,0.8009060025215149,0.8009060025215149,0.1990940123796463
packaging and quantity or amount was better before packing is now still better than average but drips the precious previous packaging was better,negative,positive,0.800850510597229,0.19914953410625458,0.800850510597229
portion size according to the price was good but it lacked flavor,negative,positive,0.8007920384407043,0.19920797646045685,0.8007920384407043
increase your quantity,negative,positive,0.80075603723526,0.19924396276474,0.80075603723526
sob gula meat soman chilona,positive,negative,0.8006724715232849,0.8006724715232849,0.1993274986743927
eggaroni is just sandwich was not good don t recommend,positive,negative,0.8006675839424133,0.8006675839424133,0.19933238625526428
french fries were not crispy,positive,negative,0.8005588054656982,0.8005588054656982,0.19944117963314056
before the pasta used to be very tasty this time it had lack of cheese and wasn t like before,positive,negative,0.8005391359329224,0.8005391359329224,0.19946080446243286
color use kora uchit noy food a,positive,negative,0.8003287315368652,0.8003287315368652,0.19967128336429596
always delay to delivery the food,negative,positive,0.8003190159797668,0.19968095421791077,0.8003190159797668
the product was not warm,positive,negative,0.8000216484069824,0.8000216484069824,0.1999783217906952
food was too spicy which i didn t like,positive,negative,0.7996178269386292,0.7996178269386292,0.20038218796253204
pizza was tasty but late delivery makes it worse,positive,negative,0.7996138334274292,0.7996138334274292,0.2003861963748932
amr order ti akhono paine te somy dawa hoise bt akhono aseni,positive,negative,0.7993661165237427,0.7993661165237427,0.20063389837741852
the quantity of food in meatbox was not enough should be improved,positive,negative,0.799088716506958,0.799088716506958,0.2009112536907196
ata shera cilo ekber ta niya again ta ordr dilam,positive,negative,0.7990749478340149,0.7990749478340149,0.2009250372648239
food was good but some items were missing,negative,positive,0.7990325689315796,0.20096749067306519,0.7990325689315796
the food seal was open,positive,negative,0.7990057468414307,0.7990057468414307,0.20099426805973053
the food was good but the delivery was very late,negative,positive,0.7988908290863037,0.2011091709136963,0.7988908290863037
taste of cadbury pastry is average and size is very small compared to the price,positive,negative,0.7987740635871887,0.7987740635871887,0.20122593641281128
i ordered dry cashew nut salad and the taste was really good but portion size comparison to the price was disappointing,positive,negative,0.7987387180328369,0.7987387180328369,0.2012612372636795
deliver my food within promise time but portion was not enough,positive,negative,0.7986799478530884,0.7986799478530884,0.20132006704807281
potato was not cooked well,positive,negative,0.7986686825752258,0.7986686825752258,0.20133134722709656
it was good but the rice was very less,negative,positive,0.7984439730644226,0.2015560120344162,0.7984439730644226
the amount of food is much less now,positive,negative,0.7982770204544067,0.7982770204544067,0.20172300934791565
the food is too delicious but i ordered packets khicuri found only packet,negative,positive,0.7981941103935242,0.20180591940879822,0.7981941103935242
the flavor is wonderful as usual but the meat quality is always poor there was barley any meat present i just got fat and bones,negative,positive,0.7981224656105042,0.20187751948833466,0.7981224656105042
item spicy wrap was missing burger average chicken fry good,positive,negative,0.7977891564369202,0.7977891564369202,0.20221079885959625
i ve ordered before but this time the portion of the meal was not proper everything was literally half,positive,negative,0.7975642681121826,0.7975642681121826,0.20243574678897858
masala sweet corn oto moja na but malai kulfi was tasty,negative,positive,0.7975363731384277,0.20246359705924988,0.7975363731384277
tastes good but such a less quantity was it a joke im nt gonna order again,negative,positive,0.7972397804260254,0.20276018977165222,0.7972397804260254
need to increase the amount of topping,negative,positive,0.7971908450126648,0.20280911028385162,0.7971908450126648
jotu khai tipti mite na,positive,negative,0.7971228957176208,0.7971228957176208,0.20287713408470154
did not get the sauce right,positive,negative,0.7970482110977173,0.7970482110977173,0.20295178890228271
the cheese was more like plastic,negative,positive,0.7968711256980896,0.2031288743019104,0.7968711256980896
very close to authentic pizzas,positive,negative,0.796857476234436,0.796857476234436,0.20314250886440277
salad needs to be a little bit gravy or spicy more beans were expected,negative,positive,0.7968525886535645,0.20314744114875793,0.7968525886535645
the crispy chicken is palatable and other menus are not up to the mark,positive,negative,0.7967572808265686,0.7967572808265686,0.20324276387691498
my food still hasn t arrived yesterday night vikas took the payment,positive,negative,0.7964189052581787,0.7964189052581787,0.2035810798406601
kacchi jali kebab order silo only kacchi power went jali kabab not given,positive,negative,0.7963072657585144,0.7963072657585144,0.20369279384613037
nut kothay porimankhube e kom,positive,negative,0.7960485219955444,0.7960485219955444,0.20395146310329437
did not give the sauce,positive,negative,0.796025276184082,0.796025276184082,0.20397478342056274
akohno amr khabar pai ni,positive,negative,0.7958857417106628,0.7958857417106628,0.20411421358585358
asked for leg piece got it but the food was cold,positive,negative,0.7958717942237854,0.7958717942237854,0.2041281908750534
taste is not as experienced previously,positive,negative,0.7958627343177795,0.7958627343177795,0.20413728058338165
it was very soft the frying was not good,positive,negative,0.7955069541931152,0.7955069541931152,0.20449303090572357
chingri vorta missing chilo,positive,negative,0.7954814434051514,0.7954814434051514,0.20451855659484863
missed order notes,positive,negative,0.7953332662582397,0.7953332662582397,0.20466673374176025
french fries are not good,positive,negative,0.7953131198883057,0.7953131198883057,0.20468686521053314
expected better wrap like bfc but it was typical swarma,negative,positive,0.7952890396118164,0.2047109156847,0.7952890396118164
i got one piece less,positive,negative,0.7952681183815002,0.7952681183815002,0.20473188161849976
dim paini pice dica akta baki gula thiktak,positive,negative,0.7950929403305054,0.7950929403305054,0.20490708947181702
i ordered kachi biriyanis and the delivery man only brought saying the restaurant only gave him one but after he went back to fetch the other two tho so it s all good,positive,negative,0.7948063611984253,0.7948063611984253,0.2051936686038971
mutton cutlets with small back bones needed to be a little bigger,positive,negative,0.7943511605262756,0.7943511605262756,0.20564886927604675
bhalo silo but crab momo ta i think chicken e beshi silo crab theka,negative,positive,0.794345498085022,0.20565450191497803,0.794345498085022
the wedges were not good,positive,negative,0.7941907644271851,0.7941907644271851,0.20580928027629852
food quality average considering the price range i ordered airin s kitchen but received food from golden biriyani,positive,negative,0.7941256165504456,0.7941256165504456,0.20587430894374847
too much spicy for my baby delivery man was very professional,negative,positive,0.793998658657074,0.20600128173828125,0.793998658657074
food was tasty but amount was not enough for two persons,negative,positive,0.7937784194946289,0.20622161030769348,0.7937784194946289
too much good sharma nan ta vlo na r grilled chicken ta moshla beshi chilo bt ok,negative,positive,0.7937656044960022,0.20623436570167542,0.7937656044960022
jilapi could be better,negative,positive,0.7935880422592163,0.20641197264194489,0.7935880422592163
prepare korte late kore,positive,negative,0.7932976484298706,0.7932976484298706,0.206702321767807
packing should be improved and the taste was too average,negative,positive,0.7932056784629822,0.20679430663585663,0.7932056784629822
plain rice atob also we want not boiled water food is good,positive,negative,0.792962908744812,0.792962908744812,0.2070370763540268
i don t order anywhere else but burger khai,positive,negative,0.7929151058197021,0.7929151058197021,0.20708492398262024
low quantity fried rice,positive,negative,0.7920292019844055,0.7920292019844055,0.20797082781791687
beverage should be packed more carefully,negative,positive,0.7918954491615295,0.20810450613498688,0.7918954491615295
i like vegetables and fruits the most not always though,positive,negative,0.791889488697052,0.791889488697052,0.2081104964017868
taste mustve been good sad that i couldn t find out since all the gravy spilled thx to flimsy packaging,negative,positive,0.7917064428329468,0.20829352736473083,0.7917064428329468
delivery man is not good to use,positive,negative,0.7914109826087952,0.7914109826087952,0.20858904719352722
beef khub ee kom chilo poriman ebong dam er tulonay,positive,negative,0.791255533695221,0.791255533695221,0.20874449610710144
now i sm seak,negative,positive,0.7911929488182068,0.2088070511817932,0.7911929488182068
to much let,negative,positive,0.7911227345466614,0.208877295255661,0.7911227345466614
valo chilo but fry ta onck kom chilo,negative,positive,0.7910576462745667,0.20894235372543335,0.7910576462745667
packaging valo na sauce beshi dey nah,positive,negative,0.7908017039299011,0.7908017039299011,0.2091982513666153
price was too much according to food,positive,negative,0.7905413508415222,0.7905413508415222,0.20945864915847778
bolognese pizza fettuccine alfredo,negative,positive,0.7905359864234924,0.20946408808231354,0.7905359864234924
ak kothai osadharon compare to kacchi bhai packeg a quantity onk basi aj k ami pcs ar jaigai pcs paisi,positive,negative,0.7900664806365967,0.7900664806365967,0.20993350446224213
should be better considering the price a bit disappointed,negative,positive,0.7898871898651123,0.21011288464069366,0.7898871898651123
your package could be better,negative,positive,0.7897593975067139,0.21024058759212494,0.7897593975067139
motamuti onno der cheye kichuta better,negative,positive,0.7896709442138672,0.21032902598381042,0.7896709442138672
chap ta beshi mishti silo karon nan ar chap donotai mitha legechy valolgenai tai but quantity valo silo,negative,positive,0.7896544933319092,0.21034546196460724,0.7896544933319092
bread not baked well,positive,negative,0.7895514965057373,0.7895514965057373,0.21044853329658508
valo na mone hoy,positive,negative,0.789031982421875,0.789031982421875,0.2109680324792862
pizza ta choto cilo,positive,negative,0.7889267802238464,0.7889267802238464,0.21107317507266998
i took kacchi khadak aa meat pieces should be more given as all the meats were given mostly with bones size was also very small overall the taste of the food was good,negative,positive,0.7888243198394775,0.21117569506168365,0.7888243198394775
chicken portion can be improved,negative,positive,0.7885660529136658,0.21143390238285065,0.7885660529136658
really it was doggy meat from sultans dine to doggy s dine we grew up,negative,positive,0.7885355949401855,0.21146439015865326,0.7885355949401855
the soup was tasted a bit more sour and seemed like a lot of ketchup was used not much tasted like regular thai soup,negative,positive,0.7884864211082458,0.21151353418827057,0.7884864211082458
delicious except very small pigeon wings were given with chicken wings,negative,positive,0.7883942127227783,0.21160581707954407,0.7883942127227783
the food was good but very cold but a little hot would have been very good,negative,positive,0.7883343696594238,0.2116655707359314,0.7883343696594238
its the chizza the supercool item i have tasted in a while don t want to see this go die like the texas burger,positive,negative,0.7881187200546265,0.7881187200546265,0.21188132464885712
today taste not good previous item tasted delicious and quantity was also reduced hope next time make well,positive,negative,0.7880131602287292,0.7880131602287292,0.21198685467243195
noodle is very hot and so good for me but most japanese would not be able to eat so much spicy food this mapo bowl is completely different from the original cutlery was requested but not included,negative,positive,0.7875479459762573,0.2124520242214203,0.7875479459762573
the cappuccino cheesecake is not worth the money,positive,negative,0.7874515652656555,0.7874515652656555,0.21254844963550568
taste but i ordered thick crust but the crust is not that much thick,positive,negative,0.787432849407196,0.787432849407196,0.21256712079048157
khabar khub e moja chilo ami set menu niyecjilam takar kintu packaging khub e baje chilo ekta packet a sob diyechen chicken and fries sob norom hoye giyeche,positive,negative,0.7874279618263245,0.7874279618263245,0.21257205307483673
casserole pasta was too much spicy and saucy set menus were satisfactory in taste,negative,positive,0.7873095870018005,0.21269039809703827,0.7873095870018005
not bad but mayonnaise ta aktu kom chilo,negative,positive,0.7870722413063049,0.21292778849601746,0.7870722413063049
quantity tulona mulok kom but flavorful chelo,negative,positive,0.7867545485496521,0.2132454365491867,0.7867545485496521
amount is lower than price,negative,positive,0.7864176034927368,0.213582381606102,0.7864176034927368
the restaurant employees were confused on how to confirm my pick up order and they misbehaved with me,positive,negative,0.7855389714241028,0.7855389714241028,0.2144610434770584
i ordered sausage roll and they delivered chicken triangle delivery man was good efficient,negative,positive,0.7855163812637329,0.2144835740327835,0.7855163812637329
their pasta portion is good but meat or anything is very little in it for the huge price of,negative,positive,0.7855046391487122,0.21449534595012665,0.7855046391487122
restaurant staff chef and food pickup very late,positive,negative,0.7854540348052979,0.7854540348052979,0.21454599499702454
ordered supreme burger and garlic wrap both were good but the coleslaw was smelly,positive,negative,0.7854169607162476,0.7854169607162476,0.21458309888839722
food has kess toppings waiting time was too long food taste is good we lived it,negative,positive,0.7849217057228088,0.21507829427719116,0.7849217057228088
inch pizza was small actually and price wise the pizza wasn t bad although cheese was less,positive,negative,0.784849226474762,0.784849226474762,0.21515080332756042
taste was best of food but the burger was cold i don t know is that happened for traffic or what but as we are giving money for the food then why would we eat cold foods try to do more better,negative,positive,0.7846968173980713,0.2153031975030899,0.7846968173980713
oil needs to be reduced so much oil is not healthy,positive,negative,0.7845885157585144,0.7845885157585144,0.2154114544391632
food was good but i ordered jorda they gave me firni,negative,positive,0.78443443775177,0.2155655324459076,0.78443443775177
sauce should be less,negative,positive,0.7842980623245239,0.21570195257663727,0.7842980623245239
its a matter of great shame there is so sauce dips with french fries that i have ordered,negative,positive,0.783968448638916,0.21603159606456757,0.783968448638916
i like the white clay food of hotel marina but i would like to say one thing to food panda their riders work hard and deliver food regardless of sun and rain train them very well,positive,negative,0.7839270830154419,0.7839270830154419,0.2160729020833969
khans better than kuddos,negative,positive,0.7838863134384155,0.21611370146274567,0.7838863134384155
nagasaki beef is the only item which held itself,positive,negative,0.7836251854896545,0.7836251854896545,0.21637482941150665
chicken fry is not so good,positive,negative,0.7833762168884277,0.7833762168884277,0.21662378311157227
when it comes to grilled chicken and bbq chicken there is no one close to savar s so far horizon but the quantity seems less especially in the case of salad,positive,negative,0.7825342416763306,0.7825342416763306,0.21746575832366943
the amount was so less,positive,negative,0.78245609998703,0.78245609998703,0.21754387021064758
pasta was so yummy but they sent me rotten mayonnaise,negative,positive,0.7824370861053467,0.2175629585981369,0.7824370861053467
the food of tasty treats is awesome but they should be more aware of the meat of shawrma the meat of shawrma tastes like rotten meat,positive,negative,0.7822015881538391,0.7822015881538391,0.21779847145080566
i always order pizza from here but unfortunately this time they misplaced nyorderr i ordered two different pizza bit they sent me two same flavored pizza,positive,negative,0.7820265293121338,0.7820265293121338,0.21797342598438263
burger rating american pasta rating too salty,positive,negative,0.781933605670929,0.781933605670929,0.21806639432907104
r koto khun lagbe vai,positive,negative,0.7819260954856873,0.7819260954856873,0.21807388961315155
the shrimp hargao was very good but the jumbo peawn dumpling was equally bad because the seasoning inside is not only bitter it doesnt compliment,positive,negative,0.7816409468650818,0.7816409468650818,0.21835902333259583
food good but restaurant food ready korte minutes time niyeche ja khubwi biroktikor chilo,negative,positive,0.7814540863037109,0.21854591369628906,0.7814540863037109
quantity is really good bt taste wise very bad,negative,positive,0.7813041806221008,0.21869589388370514,0.7813041806221008
i have ordered many times from whatta bowl but the noodles were taste less today,positive,negative,0.7812885642051697,0.7812885642051697,0.21871143579483032
motamoti bt rate ta ektu bse niye felsan ay burger hisebe,negative,positive,0.7812775373458862,0.21872243285179138,0.7812775373458862
the meat was over salted it is still lingering in my mouth,negative,positive,0.780526876449585,0.21947307884693146,0.780526876449585
i won t say the food is tasty but did not enjoy the meal much,positive,negative,0.7802388668060303,0.7802388668060303,0.21976114809513092
food was cold because delivery was late,positive,negative,0.7798221111297607,0.7798221111297607,0.22017791867256165
valo bt offer na dile expensive hoye jay,positive,negative,0.7798075079917908,0.7798075079917908,0.22019246220588684
turkish dessert was not that much good average toffee was good packaging was good and on time delivery,positive,negative,0.7797316908836365,0.7797316908836365,0.22026829421520233
online order er khetre mutton pis golo valo dey na,positive,negative,0.7795873880386353,0.7795873880386353,0.22041261196136475
the meat needs to be cooked a little more and the amount is lower than before this time i don t know if the chef has changed but i do get a slight difference in taste among those of us at bada customer food panda you will see a little,positive,negative,0.7794936895370483,0.7794936895370483,0.22050631046295166
roughly but the quantity was less,negative,positive,0.779405415058136,0.22059454023838043,0.779405415058136
above average nachos er sob gula chips or whatever you say oitar upor koyektay valo vabe chicken mayonnaise sauce pore nai,positive,negative,0.7793898582458496,0.7793898582458496,0.2206101268529892
the color of zorda was given in the picture as yellow but the one i got was white jorda had picture of kalojam inside but got barfi,positive,negative,0.7790012359619141,0.7790012359619141,0.22099871933460236
less sauce and dry pizza,positive,negative,0.7789430022239685,0.7789430022239685,0.2210569977760315
meat pieces are not good,positive,negative,0.7789303660392761,0.7789303660392761,0.2210695892572403
definitely not value for money,positive,negative,0.7788889408111572,0.7788889408111572,0.22111110389232635
alhamdulillah test onk valo but beef ta siddho hoyni ageo onk bar kheyesi but last time beef ta atto tai hard silo j bite dia o chira jassilona kheyal rakhben jano beef ta siddho hoy,negative,positive,0.7783712148666382,0.22162871062755585,0.7783712148666382
i got a piece of glass in my food so be careful it could be serious problem but thanks to god that i saw that thing,negative,positive,0.7782304286956787,0.22176960110664368,0.7782304286956787
bharta is caught in the place of shrimp roasting,negative,positive,0.7778860330581665,0.22211399674415588,0.7778860330581665
burger wasn t good that much,positive,negative,0.7777719497680664,0.7777719497680664,0.22222809493541718
bhaiya kacha piyaj ki barae diya jae nah,positive,negative,0.777128279209137,0.777128279209137,0.22287170588970184
if you order in a restaurant the amount of mushroom and chicken is good but if you order at home the amount is much less,negative,positive,0.7769396305084229,0.22306030988693237,0.7769396305084229
it was tasty and good but quantity of rice was less and the meat was very less and poor,negative,positive,0.7767720818519592,0.22322793304920197,0.7767720818519592
the food was fairly good but the cuttlefish was very tough borhanita was fair,positive,negative,0.7767348885536194,0.7767348885536194,0.22326506674289703
we would like to see must improve,negative,positive,0.7767314314842224,0.2232685685157776,0.7767314314842224
they don t follow instructions,positive,negative,0.7765039801597595,0.7765039801597595,0.22349600493907928
i ordered a chicken gyro pita but it had no pita only french fries and gyro chicken with garlic sauce but no pita bread not the greek gyro i was hoping for the chicken gyro tasted great,positive,negative,0.7761648297309875,0.7761648297309875,0.22383515536785126
burger size is not satisfactory its a mini burger,positive,negative,0.7761560678482056,0.7761560678482056,0.22384391725063324
tehari was good but mutton kacchi khawar moto na mangsho poche geche,negative,positive,0.7759245038032532,0.2240755259990692,0.7759245038032532
leaking bag again,negative,positive,0.7757508158683777,0.22424910962581635,0.7757508158683777
i have never eaten so much junk food food quality is good,negative,positive,0.7756813764572144,0.22431862354278564,0.7756813764572144
their food quality is better but sometime it was missing plz keep it up nazmul morshed modhubagh hatirjheel,positive,negative,0.7756710648536682,0.7756710648536682,0.2243289351463318
they have reduced the portions sooo much it s a shame they used to make the best meatbox,negative,positive,0.7751776576042175,0.22482240200042725,0.7751776576042175
mini fried chicken gulo onk beshi choto chilo sandwich and french fries gulo onk taste chilo,positive,negative,0.7751309275627136,0.7751309275627136,0.2248690277338028
order place holo te r delivered at tarporo ta paratha and duita daal missing which is worth tk,negative,positive,0.7749841809272766,0.2250157743692398,0.7749841809272766
mutton size choto hoye jacce onk,positive,negative,0.7748715877532959,0.7748715877532959,0.2251283973455429
price anujayi tehari dam vesi,negative,positive,0.774807870388031,0.22519205510616302,0.774807870388031
the price has become way too high,positive,negative,0.7746574282646179,0.7746574282646179,0.2253425568342209
the bread was good but the donut was extremely bad it was so dry crumbly going to avoid the donut from now on,positive,negative,0.7745727896690369,0.7745727896690369,0.22542721033096313
the paratha was so small,positive,negative,0.7745479941368103,0.7745479941368103,0.2254519909620285
didn t get the dish what i want had to change the dish fr their shortage,positive,negative,0.773774266242981,0.773774266242981,0.22622576355934143
food was tasty but the amount of sauce was poor rider blamed that pizzaburg took hour to make the meal if that s true then you should be more careful in being efficient making pizza,positive,negative,0.7737558484077454,0.7737558484077454,0.22624421119689941
you guys should improve the rice chicken was so good but rice ta onk beshi dry chilo tai kheye bhalo laghchilo na i think fried rice hole better hoto,negative,positive,0.7735666632652283,0.22643329203128815,0.7735666632652283
always check the food with your order list,negative,positive,0.7735318541526794,0.22646811604499817,0.7735318541526794
they provided fresh food only downside was a small piece of hilsha fish they provided even after asking for a good piece of fish,positive,negative,0.7732287645339966,0.7732287645339966,0.2267712652683258
very pleasant food quality,positive,negative,0.7731720805168152,0.7731720805168152,0.2268279492855072
the popcorn chicken had very little spices compared to the other days,positive,negative,0.773072361946106,0.773072361946106,0.22692766785621643
most probably they forgot instead of shutki vorta they provide fish vorta other r all ok,positive,negative,0.7727363705635071,0.7727363705635071,0.22726359963417053
chicken gravy is very low in amount but their test is satisfactory,positive,negative,0.7724589109420776,0.7724589109420776,0.22754107415676117
big fan of sultans kacchi and first time trying beef teheri and very sorry to say that it was not up to the mark,positive,negative,0.7717311978340149,0.7717311978340149,0.2282688021659851
sub sandwich e onk ingredient deini,negative,positive,0.771669864654541,0.22833013534545898,0.771669864654541
cashunut salad is good but amount is less in comparison to price potato wages was not good,negative,positive,0.7713366746902466,0.2286633402109146,0.7713366746902466
the seeds were in the juice,negative,positive,0.7712939381599426,0.22870609164237976,0.7712939381599426
not bad it s ok ok,negative,positive,0.7711336016654968,0.22886639833450317,0.7711336016654968
the pasta was good but for the price range it s not worth it could ve been better,negative,positive,0.7710170149803162,0.2289830446243286,0.7710170149803162
i told the rider to go a little further he didn t come,positive,negative,0.7705798745155334,0.7705798745155334,0.22942015528678894
the quantity of rice and noodles in platter b was too less for two people,positive,negative,0.7705689668655396,0.7705689668655396,0.22943103313446045
the quality of the nachos has been worsening day by day,positive,negative,0.7705464363098145,0.7705464363098145,0.22945348918437958
too much french fry was there,positive,negative,0.7704588174819946,0.7704588174819946,0.22954118251800537
beef was good but tk te ato choto choto mangsho dise tao abar haddi vorpur,negative,positive,0.7703647017478943,0.2296353429555893,0.7703647017478943
mutton was not sufficient no meat given i was disappointed but the taste was good,positive,negative,0.7700381875038147,0.7700381875038147,0.2299618273973465
aibar jei jinish order korechi oita na eshe onno ta dea hoyeche,positive,negative,0.7698521018028259,0.7698521018028259,0.23014786839485168
khabar onk valo but tader management and behavior khubi khrp,negative,positive,0.7697327733039856,0.2302672415971756,0.7697327733039856
too delayed to prepare food,positive,negative,0.769680380821228,0.769680380821228,0.23031958937644958
sandwich lacked chicken and sauce fuchka was okayish,negative,positive,0.7693566679954529,0.23064331710338593,0.7693566679954529
you should add some onions,negative,positive,0.7692510485649109,0.2307489812374115,0.7692510485649109
poutine e kom chicken onek,positive,negative,0.7692485451698303,0.7692485451698303,0.23075136542320251
mutton quality is not as good as dine in,positive,negative,0.7690266966819763,0.7690266966819763,0.2309732586145401
of corse why not,positive,negative,0.768795907497406,0.768795907497406,0.231204092502594
packing not good very poor,positive,negative,0.7687661647796631,0.7687661647796631,0.2312338650226593
the roast was finger licking bt kacchi was motamuti,negative,positive,0.7686254978179932,0.23137448728084564,0.7686254978179932
packing was not good but test is yummy,negative,positive,0.7685288786888123,0.23147107660770416,0.7685288786888123
disgrace of a pizza place,negative,positive,0.7684696912765503,0.2315303534269333,0.7684696912765503
it is better not to give a pitch like the one given by the meat,positive,negative,0.7683424353599548,0.7683424353599548,0.23165757954120636
tehari didn t have enough meat in it,positive,negative,0.7683126330375671,0.7683126330375671,0.23168733716011047
gazipur bashon shodok eidga math plz u have to boast your zone polygon i need to rcv food from above address for always,negative,positive,0.7683078646659851,0.2316921204328537,0.7683078646659851
stick chara deya hoyese,negative,positive,0.7682358026504517,0.23176416754722595,0.7682358026504517
the food was cold apart from that taste was good,positive,negative,0.7677169442176819,0.7677169442176819,0.23228302597999573
meal was good but delivery time was too late,negative,positive,0.767495334148407,0.2325046956539154,0.767495334148407
they forgot to send the rice for the jamaican chicken should be careful,positive,negative,0.7673172354698181,0.7673172354698181,0.2326827496290207
average test nothing special thick thai soup ordered but this is not actual thai soup recipe,positive,negative,0.7670664191246033,0.7670664191246033,0.23293349146842957
i ordered chicken polau worth tk but new kolapata didn t give any salad packaging was wrong,negative,positive,0.7669613361358643,0.23303867876529694,0.7669613361358643
specifically asked for cutlery but it was not provided,positive,negative,0.7669418454170227,0.7669418454170227,0.23305819928646088
soltan dine is bangladesh s no brand,positive,negative,0.7669013738632202,0.7669013738632202,0.23309862613677979
the quantity of kacchi rice was less the meat pieces were very small the taste was quite good,negative,positive,0.7668952941894531,0.23310470581054688,0.7668952941894531
taste to be better,negative,positive,0.766851544380188,0.233148455619812,0.766851544380188
please mention the name of food on top of the box it s really difficult to differentiate when you order different items that all look the same like today on my order there were boxes and no marking,positive,negative,0.766819953918457,0.766819953918457,0.2331799864768982
chowmein was very nice but i once ordered chicken fry where there was still blood remaining inside the chicken so another time i ordered saying it to be well cooked but they overcooked burnt it,positive,negative,0.7666431069374084,0.7666431069374084,0.23335690796375275
the fillings were good but i was disappointed with the rice fish curry i had roo fish curry at this restaurant a few days back which was one of the best fish curry i have ever had but the one i had today was disgusting,positive,negative,0.7666399478912354,0.7666399478912354,0.23336009681224823
it was soggy,positive,negative,0.7661944031715393,0.7661944031715393,0.23380564153194427
the mushroom was tasty but the pasta was not tasty at all i had no taste after eating the white sauce pasta it would have been nice to eat if you gave it little more spice,negative,positive,0.7657803297042847,0.23421968519687653,0.7657803297042847
less sauce mane jodi eita hoi tahole extra dile ki sudui sauce paabo lol the burger was good,positive,negative,0.7657325267791748,0.7657325267791748,0.23426750302314758
momo gula valo vabe siddo hoyni arekdin order dicilam sedin onek moja cilo,negative,positive,0.7655022144317627,0.2344978004693985,0.7655022144317627
i never got salad i order almost every time so i have to give stay well,negative,positive,0.7654099464416504,0.23459012806415558,0.7654099464416504
taste should be better,negative,positive,0.7653099298477173,0.23469007015228271,0.7653099298477173
delivery so late no salad khabar average quality,positive,negative,0.7651476860046387,0.7651476860046387,0.23485232889652252
we did not get the physical bill copy how can we get the bill copy please let me know,positive,negative,0.7650516629219055,0.7650516629219055,0.2349482774734497
chicken portion was small taste was similar like kachii bhai taste should be unique from others,negative,positive,0.7648213505744934,0.23517869412899017,0.7648213505744934
ordered again today as the cake was good last time but today s cake is extremely dry inside and the top is written with something liquid,negative,positive,0.764083981513977,0.23591603338718414,0.764083981513977
food was good but service was not good,negative,positive,0.7640699744224548,0.23592999577522278,0.7640699744224548
there was a hair in my food but quantity valo chilo,positive,negative,0.7638707160949707,0.7638707160949707,0.23612931370735168
slightly better than before order,negative,positive,0.7637646794319153,0.23623529076576233,0.7637646794319153
long long time,negative,positive,0.7634809613227844,0.2365190088748932,0.7634809613227844
i tried chuigost earlier in a hotel in savarei and today i played the series there is a huge difference between the two quantity test all in all very good now only if you can hold this test of food,positive,negative,0.7628983855247498,0.7628983855247498,0.23710159957408905
the roasted liver was not good parota bhaji dal is good,positive,negative,0.7626477479934692,0.7626477479934692,0.23735231161117554
packaging is quite bad fully sealed package full of hot steam with a tub of salsa spilled all over everything we ve got sous vide burgers and fries now,positive,negative,0.7625229358673096,0.7625229358673096,0.23747700452804565
food was good but the seasoning was not taste like kfc,negative,positive,0.7624476552009583,0.23755228519439697,0.7624476552009583
pizza size is very small,positive,negative,0.7620152831077576,0.7620152831077576,0.23798468708992004
the french fries are not good try to add chicken leg piece the food and delivery was good,positive,negative,0.7620121240615845,0.7620121240615845,0.23798787593841553
worstfuchka i ever tried,negative,positive,0.7616413235664368,0.23835861682891846,0.7616413235664368
the coleslaw didn t taste good,positive,negative,0.7616060972213745,0.7616060972213745,0.23839397728443146
shob kisui thik silo but pieces chicken fry er shathe tara only prices tomato ketchup dise jeta pieces chicken fry khawar jonno porjapto na,positive,negative,0.7614202499389648,0.7614202499389648,0.23857975006103516
meat quantity is poor according to price,positive,negative,0.761346161365509,0.761346161365509,0.23865382373332977
i ordered quarter chicken with fried rice the taste was good chicken was good but amount of rice was insanely low,negative,positive,0.7611396312713623,0.2388603687286377,0.7611396312713623
could have been way better,negative,positive,0.7611265778541565,0.2388734370470047,0.7611265778541565
vegetables were melted and mashed together,positive,negative,0.7609478235244751,0.7609478235244751,0.2390521764755249
after a log time had a kacchi that looks better taste better less oily and no hard feelings in stomach,positive,negative,0.7609453201293945,0.7609453201293945,0.23905467987060547
food thanda selo,positive,negative,0.760839581489563,0.760839581489563,0.23916040360927582
food quality delivery time were good ordered burgers i clearly mentioned in the instruction to mark which box had which burger they didn t do it for five boxes only tissues for burgers,positive,negative,0.7605323791503906,0.7605323791503906,0.23946768045425415
the ketchup was missing,positive,negative,0.760531485080719,0.760531485080719,0.2394685447216034
eggplant filling is too salty,positive,negative,0.760190486907959,0.760190486907959,0.23980943858623505
the rich was good but the meet was all bone,negative,positive,0.7600541710853577,0.23994581401348114,0.7600541710853577
the burger was cold upon delivery the test was good too,positive,negative,0.7598605751991272,0.7598605751991272,0.2401394098997116
barcode should rethink about their way of delivering the way they deliver on aluminum foil paper seems messy,positive,negative,0.759739875793457,0.759739875793457,0.2402600795030594
the food packet was open pack well ryder seems to have taken one however the dessert was good,positive,negative,0.7596319317817688,0.7596319317817688,0.24036800861358643
it was not what i ordered called and requested to take blueberry cake i agreed to take it because there was nothing else open if the price of blue bedi is high they keep it at the previous price,positive,negative,0.7594636678695679,0.7594636678695679,0.24053636193275452
the special biryani was good but the chicken biryani and chicken polla were not so good,negative,positive,0.7591913342475891,0.2408086359500885,0.7591913342475891
price is hight n the food quality is good bt they don t give extra salad or curry jol with mutton khichuri,negative,positive,0.7591776847839355,0.24082235991954803,0.7591776847839355
not as tasty as expected,positive,negative,0.7591519951820374,0.7591519951820374,0.24084803462028503
plz stop selling mughlai it tastes like paratha with wgg,negative,positive,0.7590683102607727,0.24093174934387207,0.7590683102607727
patla dal ta nusto hoye geche baki sob thik chilo,negative,positive,0.7590619921684265,0.2409379780292511,0.7590619921684265
the red velvet was not crunchy it was stupid,positive,negative,0.7588727474212646,0.7588727474212646,0.24112732708454132
quantity onek kom in khicuri te,positive,negative,0.7587764859199524,0.7587764859199524,0.2412234991788864
food was mediocre at best,negative,positive,0.7587708234786987,0.24122923612594604,0.7587708234786987
i ordered naga wings but it was not spicy enough hope they will fix this soon,positive,negative,0.7586169242858887,0.7586169242858887,0.24138301610946655
bfc experience valo but delivery manber bebohar valo na osoobo ei sob delivery man raikhen na food pandar opoman hobe,negative,positive,0.7584258913993835,0.24157410860061646,0.7584258913993835
the delivery took a while so the food was warm not hot and started to sweat in the box making if a little wilted but taste was very good,positive,negative,0.7584038972854614,0.7584038972854614,0.2415960431098938
the taste was good but the quantity not worth the amount paid the salad in the pic advertisement said barely one person ate it,positive,negative,0.7582718729972839,0.7582718729972839,0.24172812700271606
soup ta onek balo abong test kinto chicken ta akto siddo kom hoise akto aokto cilo kinto baki sob tik ase sai sad,positive,negative,0.7582165002822876,0.7582165002822876,0.2417834997177124
sos and meo onek kom diyechen poriman e,positive,negative,0.7581917643547058,0.7581917643547058,0.24180825054645538
chicken size was very samll but the taste was good,negative,positive,0.7580753564834595,0.24192465841770172,0.7580753564834595
it was barely worth taka instead of taka road side food is much batter then this mot recommended,negative,positive,0.7578666806221008,0.24213334918022156,0.7578666806221008
i ordered spicy and regular chicken separately for the kids but they wrap everything in one box we couldn t find put which one is spicy and regular the kids ended up eating spicy one and suffered,positive,negative,0.7577674388885498,0.7577674388885498,0.2422325760126114
i like your food very much,positive,negative,0.757697582244873,0.757697582244873,0.24230235815048218
onnanno somoy mota moti valoi lage aj chal ghulo valo seddho hoyni quantity kom chilo,negative,positive,0.7575286030769348,0.24247139692306519,0.7575286030769348
good but dal smells bad,negative,positive,0.7573866248130798,0.24261337518692017,0.7573866248130798
coffee was ok but portion seemed smaller for price and packing was very basic,negative,positive,0.7573438882827759,0.2426561415195465,0.7573438882827759
should provide boneless chui gosh expected a lot but they disappointed us another beef item we have ordered that was good in taste and quantity,positive,negative,0.7571611404418945,0.7571611404418945,0.24283885955810547
meal was good but delivery timing was the worst food panda should provide the actual estimated time but my order took hour late than the estimated time,positive,negative,0.7567987442016602,0.7567987442016602,0.24320125579833984
french fries quantity was too low,positive,negative,0.7564137578010559,0.7564137578010559,0.2435862421989441
wrongly ordered to this outlet it was far way sadly,positive,negative,0.7560431957244873,0.7560431957244873,0.2439568191766739
too pricey for salads that needed seasoning vinegar salt pepper,negative,positive,0.7557342052459717,0.2442658245563507,0.7557342052459717
didn t get mayonnaise,positive,negative,0.7557058930397034,0.7557058930397034,0.2442941516637802
chicken was good but the rice was very dry,negative,positive,0.7556076049804688,0.24439242482185364,0.7556076049804688
i ordered for vegetable with dal but they delivered vegetable curry,positive,negative,0.7555387616157532,0.7555387616157532,0.24446122348308563
it was good before totally ridiculous no taste just scum,negative,positive,0.7553374171257019,0.2446625530719757,0.7553374171257019
taste can be increased and too spicy,negative,positive,0.7551886439323425,0.24481134116649628,0.7551886439323425
the meat had more bone content,positive,negative,0.7545278668403625,0.7545278668403625,0.24547208845615387
the amount of meat has decreased from before,positive,negative,0.7541323304176331,0.7541323304176331,0.24586772918701172
large fries were actually not large,positive,negative,0.753879725933075,0.753879725933075,0.24612024426460266
not the same design but taste is good hope they will maintain the quality,positive,negative,0.7538726925849915,0.7538726925849915,0.24612730741500854
tk price beshi egulor eto price keno seta bujhina,positive,negative,0.7535911798477173,0.7535911798477173,0.24640879034996033
was dekivered tye wring food i order a salad insteasd i got a sandwich,negative,positive,0.7535910606384277,0.24640896916389465,0.7535910606384277
i ordered chicken cashew nut salad the test is good but the quantity is very low then other restaurants,negative,positive,0.7535861730575562,0.24641378223896027,0.7535861730575562
they should provide extra salad otherwise food is not bad,negative,positive,0.7531538009643555,0.24684619903564453,0.7531538009643555
quantity kub kom but taste valo celo,negative,positive,0.7529668807983398,0.24703311920166016,0.7529668807983398
soup was very spicy,positive,negative,0.752927303314209,0.752927303314209,0.24707265198230743
was way too over priced,positive,negative,0.7528583407402039,0.7528583407402039,0.24714162945747375
the bread was too saggy,positive,negative,0.752586305141449,0.752586305141449,0.24741367995738983
please upgrade the quality of plain rice dal,negative,positive,0.7524805665016174,0.24751946330070496,0.7524805665016174
junk food rice had to be eaten with water,positive,negative,0.7522931694984436,0.7522931694984436,0.24770687520503998
not bad everything ok but aktu besi puira gece,negative,positive,0.7519225478172302,0.24807746708393097,0.7519225478172302
today s one was my th time ordering from waffle up but in today s nutella on sticks i got some bad smell which was not expected but i hope waffle up will work on this issue and solve it,positive,negative,0.7516286373138428,0.7516286373138428,0.24837133288383484
kalo vuna kub i balo silo tobe beff buna te beff kom silo,positive,negative,0.7515608668327332,0.7515608668327332,0.24843917787075043
lemon tart had a bug in it,negative,positive,0.7513702511787415,0.24862970411777496,0.7513702511787415
crispy chicken burger was good but the only thing is that they don t provide any sauce even after requesting they didn t respond,positive,negative,0.7511311769485474,0.7511311769485474,0.24886885285377502
the meal was good but there was piece chicken short,negative,positive,0.7509974241256714,0.2490026354789734,0.7509974241256714
if the puffs were packed more safely they would not break,positive,negative,0.7509251832962036,0.7509251832962036,0.2490747720003128
food quality is okay but price should be less,negative,positive,0.7507121562957764,0.24928784370422363,0.7507121562957764
packing was ridiculous,negative,positive,0.7506353855133057,0.24936459958553314,0.7506353855133057
who else to give you good quality pizza at am in the morning tried their all bout shrooms pizza and it didn t disappoint,positive,negative,0.7503920793533325,0.7503920793533325,0.24960795044898987
the meal was right but as always they did not provide salad even after special notes,negative,positive,0.7503283619880676,0.24967166781425476,0.7503283619880676
chaomin and got ants in the soup food tested good but hygienic should be maintained,negative,positive,0.7500919103622437,0.24990811944007874,0.7500919103622437
even after mentioning the cutlery the spoon was not given,positive,negative,0.7500269412994385,0.7500269412994385,0.2499730885028839
naan is asking for it,negative,positive,0.7498956918716431,0.25010430812835693,0.7498956918716431
please bring back mutton kacchi,negative,positive,0.7498772740364075,0.25012269616127014,0.7498772740364075
taste wise it was okayish they are going to lose returning customers if they keep reducing the size yet increase the price,negative,positive,0.7498729825019836,0.25012698769569397,0.7498729825019836
fish and chips was a huge disappointment especially with that price range only their makis are good everything is a miss for me,negative,positive,0.7496447563171387,0.25035524368286133,0.7496447563171387
without binti s kitchen homemade food my lunch is incomplete,positive,negative,0.749576210975647,0.749576210975647,0.25042372941970825
didn t provide whipped cream like i asked in the note,positive,negative,0.7493798732757568,0.7493798732757568,0.25062012672424316
crispy fried rice was average,negative,positive,0.749372661113739,0.2506272792816162,0.749372661113739
small hahaha l bozo alert,positive,negative,0.7492397427558899,0.7492397427558899,0.2507602870464325
cake price has gone up but not the quality i do not find it to be as delicious as before,positive,negative,0.7489508986473083,0.7489508986473083,0.25104907155036926
pretty good the potatoes were mushy and totally unseasoned tho tasted very bland seasoning is very important especially with salt it could have been a little fried instead of mush,positive,negative,0.74872225522995,0.74872225522995,0.25127774477005005
portion quantity became less than before,negative,positive,0.7484958171844482,0.25150415301322937,0.7484958171844482
food was good but served no salad with biryanis,negative,positive,0.7484614849090576,0.25153854489326477,0.7484614849090576
definitely make ready properly,negative,positive,0.7482740879058838,0.251725971698761,0.7482740879058838
bhai ki khaben,positive,negative,0.7480432391166687,0.7480432391166687,0.2519567012786865
fried rice ta arektu vlo korte hobe,negative,positive,0.747553825378418,0.25244611501693726,0.747553825378418
the meat was little burned,positive,negative,0.7474884390830994,0.7474884390830994,0.2525116205215454
idk how the rating of this restaurant is this good but the food was horrendous it seemed like every item of the set menu was randomly thrown on the stove and cooked by a y o,negative,positive,0.747482180595398,0.25251784920692444,0.747482180595398
pizza and pasta,positive,negative,0.7474726438522339,0.7474726438522339,0.2525273561477661
should be priced lower as the amount of chicken was really less and it was all filling,negative,positive,0.7474660873413086,0.252533882856369,0.7474660873413086
the first time i had khasi it was good bought khasi in this order all bone and screen on bone no meat i fed my colleagues with too much praise i became disgraced,negative,positive,0.746777355670929,0.2532227039337158,0.746777355670929
very crispy waffles but tge nutella coating is thin,positive,negative,0.7466304302215576,0.7466304302215576,0.2533695697784424
too much sauce did not understand the flavors of chicken or freshness of the salad salsa fresca,positive,negative,0.7466214299201965,0.7466214299201965,0.25337862968444824
quantity should be increased and stop adding more freinch fries,negative,positive,0.7465758323669434,0.25342416763305664,0.7465758323669434
quality is good but price is way more high won t order again sorry,negative,positive,0.7464082837104797,0.25359177589416504,0.7464082837104797
abhi khaya bhi nehi aur puch rahein ho kaisa laga accha hi laage ga,positive,negative,0.7462077736854553,0.7462077736854553,0.2537922263145447
your voucher is not appropriate,positive,negative,0.7461276054382324,0.7461276054382324,0.25387242436408997
the burger was good but the sandwich was not perfect as the price,negative,positive,0.746055006980896,0.2539450228214264,0.746055006980896
thai soup was good but the chicken vegetable soup wasn t that good,negative,positive,0.7455337643623352,0.2544662058353424,0.7455337643623352
your cooking is fun but the beef is not good please use good quality fresh beef dal gave so little that it was hard to finish all the rice beef chicken broth and very little increase the amount of broth dal,negative,positive,0.7454737424850464,0.2545262575149536,0.7454737424850464
budget friendly boiler morag polaw,positive,negative,0.74545818567276,0.74545818567276,0.2545418441295624
gyro chicken tasted a bit bland and not fresh their quality degraded over time,negative,positive,0.744979977607727,0.25502002239227295,0.744979977607727
ektu puira gecilo little little lagce,negative,positive,0.7448346614837646,0.25516530871391296,0.7448346614837646
it was good but packaging quality is worst,negative,positive,0.7447673678398132,0.25523266196250916,0.7447673678398132
i wanted chicken spoon gave egg chop it was not good but the rest of the food was good,positive,negative,0.7446980476379395,0.7446980476379395,0.25530189275741577
i didn t have such a yummy meal for a long time,positive,negative,0.7445616126060486,0.7445616126060486,0.25543832778930664
onions were thickly cut and kind of unappetizing they should have been thinly sliced,positive,negative,0.7445324063301086,0.7445324063301086,0.25546759366989136
too less fries,positive,negative,0.7445151209831238,0.7445151209831238,0.2554849088191986
pic e chilo ta momo but deache ta,negative,positive,0.744435727596283,0.25556421279907227,0.744435727596283
do not use salt in phirni please,positive,negative,0.7441967129707336,0.7441967129707336,0.25580325722694397
the naga pops were not spicy as it should have been considering it was naga,positive,negative,0.743938684463501,0.743938684463501,0.2560613453388214
there should be more chicken or at least option to add,negative,positive,0.7433245778083801,0.25667545199394226,0.7433245778083801
did not provide chilli oil,positive,negative,0.7432543635368347,0.7432543635368347,0.25674569606781006
how long will it take for my parcel to arrive,positive,negative,0.7428857684135437,0.7428857684135437,0.2571142315864563
batpari dropped it otherwise i will inform the consumer rights department,negative,positive,0.7427894473075867,0.25721052289009094,0.7427894473075867
price ta kom show korleo add korar somoy beshi likha hoy tachara dam hisebe snacks item guli khuboi choto khabarer test pack sob valo chilo,positive,negative,0.7424081563949585,0.7424081563949585,0.2575918138027191
nun ta spacial mone hoy nai gril ta thik silo,positive,negative,0.7423979043960571,0.7423979043960571,0.2576020359992981
have eaten both of the items basmoti kacchia was delicious but maton biriyani isn t good,negative,positive,0.742281973361969,0.257718026638031,0.742281973361969
ekono azan hoy ni,positive,negative,0.7422796487808228,0.7422796487808228,0.25772035121917725
its good except the coleslaw next time can u put coleslaw in a different packet so that it doesn t get mixed with the fried rice also the white sauce with the wedge s was bad except that it was good,positive,negative,0.7415732145309448,0.7415732145309448,0.25842681527137756
chicken chap ratinhg butter nun rating,negative,positive,0.7411984205245972,0.25880154967308044,0.7411984205245972
chicken was good but the classic fried rice wasn t my wife was sick after eating this,negative,positive,0.7409360408782959,0.2590639889240265,0.7409360408782959
gave it stars even though the cutlets had more bones than meat,positive,negative,0.7408502101898193,0.7408502101898193,0.2591497600078583
after a long time i got the taste of chicken pressure food from seven or eight years ago,positive,negative,0.7405438423156738,0.7405438423156738,0.25945618748664856
swift delivery no spillage,positive,negative,0.7403286695480347,0.7403286695480347,0.25967133045196533
forgets to add cutlery every time,negative,positive,0.740157425403595,0.2598426342010498,0.740157425403595
the luchies were fine but chicken jhal fry was cold hope the will serve better next time,negative,positive,0.7401305437088013,0.25986942648887634,0.7401305437088013
food is good but price is too high and the naga chickens size are small,negative,positive,0.7399211525917053,0.26007890701293945,0.7399211525917053
it was a baddest experience in my life momo point out of and sandwich point out of,negative,positive,0.7392611503601074,0.2607388198375702,0.7392611503601074
hour for a breakfast is a long time,positive,negative,0.7391678094863892,0.7391678094863892,0.26083216071128845
the burger was good but the bbq chicken wings were not as good,negative,positive,0.7389887571334839,0.2610112130641937,0.7389887571334839
shrimp was mushy,positive,negative,0.7389273643493652,0.7389273643493652,0.26107263565063477
please call me i faced an unusual issue,negative,positive,0.7388085126876831,0.26119139790534973,0.7388085126876831
usually good but my last order was below their usual quality,positive,negative,0.7387740015983582,0.7387740015983582,0.26122599840164185
price is high pes dumping tk plz reduce some price,positive,negative,0.738437294960022,0.738437294960022,0.26156264543533325
nuts were not well blended,positive,negative,0.738362193107605,0.738362193107605,0.2616378366947174
ajker oder ta voye voye korchilam akbar oder kore thokchilam khanay ajker ta besi abong moja chilo,negative,positive,0.73831707239151,0.2616828680038452,0.73831707239151
the red velvet waffle was too chewie with no cheese sauce and the nutella one was average,positive,negative,0.7380134463310242,0.7380134463310242,0.26198646426200867
only gastric is taste is out of,positive,negative,0.7378056645393372,0.7378056645393372,0.26219427585601807
i got of the rice boxes and it is good like nothing special and it looks nothing like the picture on cap,positive,negative,0.7376553416252136,0.7376553416252136,0.2623446583747864
food was good but two orders of fries and an order of chicken tenders were not delivered,negative,positive,0.7376028299331665,0.2623971998691559,0.7376028299331665
food is okay but the packaging is very bad,positive,negative,0.7375763058662415,0.7375763058662415,0.26242369413375854
the shrimp was very good but the chicken and mutton curry was not very good extra salt but not taste at all the rice was very good,negative,positive,0.7374526262283325,0.2625473439693451,0.7374526262283325
wish the pc chicken menu offered a choice of all thigh pieces,negative,positive,0.7374248504638672,0.2625751495361328,0.7374248504638672
so yam yam,positive,negative,0.7374228239059448,0.7374228239059448,0.2625771760940552
chocolate cold coffee is great but faluda is worst,positive,negative,0.7370807528495789,0.7370807528495789,0.26291918754577637
the quantity of french fries was less also they did not provide garlic sauce thus not worth the money but their chicken shawarmas were too good i would recommend to try it,positive,negative,0.7369884252548218,0.7369884252548218,0.2630115747451782
meal was good but every time i order there give me big piece but this the there give small piece but the food was ok,negative,positive,0.7368539571762085,0.26314598321914673,0.7368539571762085
only legit vegetable burger in bd,positive,negative,0.7367781400680542,0.7367781400680542,0.2632219195365906
sadly they made the waffle size small,positive,negative,0.7367361187934875,0.7367361187934875,0.26326388120651245
i didn t get cheesy chicken nachos and crispy chicken wings please respond,positive,negative,0.7362592816352844,0.7362592816352844,0.2637406885623932
order korechi allah dan briryani theke but packet modina biriyani nam er amar kase mone holo onno restaurant theke ana,positive,negative,0.7361726760864258,0.7361726760864258,0.2638273537158966
burger size should be reasonable in terms of price no sauce provided no tissue provided bad service,negative,positive,0.7359885573387146,0.2640114426612854,0.7359885573387146
it took long to receive my order,positive,negative,0.7357751727104187,0.7357751727104187,0.2642248272895813
not enough garlic sauce provided with fish chips,positive,negative,0.7355685830116272,0.7355685830116272,0.2644314467906952
ordered different burgers and we had to open all packets and wrappers to know which one is what that s a hassle,positive,negative,0.735415518283844,0.735415518283844,0.26458457112312317
sausage meatbox e meat chilo na ektu o just french fries ar sausage chilo dhoniya pata ta avoid korle valo hoy,negative,positive,0.7352718114852905,0.26472821831703186,0.7352718114852905
burger er size mone hoy choto kore feltese dindin,positive,negative,0.7352446913719177,0.7352446913719177,0.2647553086280823
how was the food today before that the quality of your food has improved it was very enjoyable,positive,negative,0.7352197170257568,0.7352197170257568,0.2647802233695984
kabab was good but nun was too dry,negative,positive,0.7349616289138794,0.2650384306907654,0.7349616289138794
to much add,negative,positive,0.7349103093147278,0.2650896906852722,0.7349103093147278
food is good too much sugar the price has increased so much first and now taka pressure price it s not going right,negative,positive,0.7348056435585022,0.2651943564414978,0.7348056435585022
fries was good but there were a lot of tomatoes which destroyed my appetite,negative,positive,0.7347511649131775,0.26524877548217773,0.7347511649131775
rice was good but leg price size was so small and overcooked,negative,positive,0.734319269657135,0.2656806707382202,0.734319269657135
my friend asks me to put this review aalu r chokla charay na but the taste was good and plenty of pieces,positive,negative,0.7342069149017334,0.7342069149017334,0.2657930552959442
the price is ok but they should work on the taste of food,negative,positive,0.7339221239089966,0.2660778760910034,0.7339221239089966
beef chilli was horrible but the kebabs were good,positive,negative,0.7335422039031982,0.7335422039031982,0.26645779609680176
that s not chocolate donut tea bun is better than this,positive,negative,0.7334389686584473,0.7334389686584473,0.26656103134155273
chocolate cake was available in menu but after late time they informed not available had to order alternative one after passing min,positive,negative,0.7333265542984009,0.7333265542984009,0.2666734457015991
quantity should be increased according to price,negative,positive,0.7331354022026062,0.2668645977973938,0.7331354022026062
discount card available,negative,positive,0.7329369187355042,0.26706311106681824,0.7329369187355042
price has increased slowly then again everything in the market is getting more expensive not like we don t see the asking price before buying,positive,negative,0.7325477600097656,0.7325477600097656,0.2674522399902344
onek prawn and chicken chilo soup e,positive,negative,0.7320886254310608,0.7320886254310608,0.2679113745689392
cashew nut salad er poriman otirikto komdamam onushare,negative,positive,0.7317739129066467,0.26822608709335327,0.7317739129066467
fuchka valo but ta fuchka tk dokane originally but pick up order e tk platform fee tk amar toh loss holo purai,negative,positive,0.7316346168518066,0.26836535334587097,0.7316346168518066
they add so much sugar that the juice is not healthy anymore,positive,negative,0.7314563393592834,0.7314563393592834,0.26854369044303894
meat quantity is too much low,positive,negative,0.7312653660774231,0.7312653660774231,0.2687346637248993
i ordered iteam iteam rice miss only get burger but burger was good,negative,positive,0.7311945557594299,0.26880547404289246,0.7311945557594299
amount was quite low quality was not bad though,negative,positive,0.7305945158004761,0.2694054841995239,0.7305945158004761
i didn t find the taste of the delivered food to be up to the mark but the quantity was decent and can t really complain about the packaging,negative,positive,0.730414092540741,0.26958590745925903,0.730414092540741
rice ar manso kom chilo ager tulonai,positive,negative,0.7301751375198364,0.7301751375198364,0.2698248624801636
their akhni biryani was so good with enough meat portions but their nalli was disappointing blend and only a big bone but they provide good amount of salad quantity of biryani and rice are good,negative,positive,0.7301722764968872,0.2698277235031128,0.7301722764968872
sales man behavior is not good,positive,negative,0.7299560308456421,0.7299560308456421,0.2700439691543579
i asked them to slice my burger but they did not do it,positive,negative,0.7292402386665344,0.7292402386665344,0.27075979113578796
product good but service people dont know how to reheat puff bakery item puff becomes pauruti after extreme reheat,negative,positive,0.7288020253181458,0.27119797468185425,0.7288020253181458
there is always a problem with maintaining instruction i said no cucumbers and yet there are always cucumbers,negative,positive,0.7286542654037476,0.27134576439857483,0.7286542654037476
khabar er quality improve hoyeche ager theke valo chilo ajker khabar,positive,negative,0.7283437848091125,0.7283437848091125,0.27165621519088745
didn t got the leg piece,positive,negative,0.7282994389533997,0.7282994389533997,0.2717006206512451
chicken ta onk choto pice disen ektu vlo pice dity prten otherwise vlo,negative,positive,0.7278483510017395,0.2721516788005829,0.7278483510017395
chicken fires were over fried,positive,negative,0.7273122668266296,0.7273122668266296,0.27268776297569275
aktu pick up ar delavery ar modha somossa chilo somossa nai apnader bebohar ta bhalo lagse,positive,negative,0.7269891500473022,0.7269891500473022,0.27301082015037537
ordered tandoori with naan ammount was satisfactory but theirs was no sos u guys should provide sos for this type of food,negative,positive,0.7265243530273438,0.27347561717033386,0.7265243530273438
they can improve their food quality,positive,negative,0.7265118360519409,0.7265118360519409,0.27348819375038147
quantity of rice is poor,positive,negative,0.7262914776802063,0.7262914776802063,0.2737084925174713
it was perfect when i ordered earlier but today some of the ingredients gave less,negative,positive,0.7262434363365173,0.27375656366348267,0.7262434363365173
too much fries,positive,negative,0.7260056734085083,0.7260056734085083,0.2739942967891693
added a special request to write wish on the cake but they didn t,negative,positive,0.7259801030158997,0.27401986718177795,0.7259801030158997
it s has less meat and more potato,positive,negative,0.7255426645278931,0.7255426645278931,0.2744573950767517
quality down so quickly i suffered will never order again,negative,positive,0.7254214286804199,0.2745785713195801,0.7254214286804199
chic got fried is so full filling,positive,negative,0.7251351475715637,0.7251351475715637,0.2748647928237915
i am ordering milano express he brings cafe milano,negative,positive,0.7242513298988342,0.2757485806941986,0.7242513298988342
nan order korlam ta packet khulce iftari time pailam ta kmn lage akhon,positive,negative,0.723841667175293,0.723841667175293,0.27615833282470703
not bad the news has gone cold,positive,negative,0.7234723567962646,0.7234723567962646,0.27652764320373535
rd time order korlam st time it s really gd nd time rd time ok ok just time nachos order koresi,negative,positive,0.7233566641807556,0.2766433656215668,0.7233566641807556
fish was not washed properly it s a muddy little fish veg are ok,positive,negative,0.7233510613441467,0.7233510613441467,0.27664893865585327
food not bad but rider s service,negative,positive,0.7232987880706787,0.2767011821269989,0.7232987880706787
valo chilo vut aktu let s hoise khabar dite no problem,negative,positive,0.7231249809265137,0.27687501907348633,0.7231249809265137
not always available,positive,negative,0.7231093049049377,0.7231093049049377,0.27689072489738464
shameful portion of fries for over taka,positive,negative,0.7230218648910522,0.7230218648910522,0.27697816491127014
nachos packets were not perfectly sealed,positive,negative,0.722914457321167,0.722914457321167,0.2770856022834778
mutton kichuri valo chilo always fresh take but maje maje meat quantity km take,negative,positive,0.7224616408348083,0.27753838896751404,0.7224616408348083
chef s special sub was not that much tasty chicken chowmin was good,positive,negative,0.7222795486450195,0.7222795486450195,0.27772051095962524
the chicken fries were good but the nachos were not bad at all with the amount of chicken,negative,positive,0.722231388092041,0.2777685523033142,0.722231388092041
please please pack the coffee in a better way i frequently get my coffee half spilled,positive,negative,0.7220938801765442,0.7220938801765442,0.2779061198234558
ordered pizzas the quality has been going downhill for a while it was my most favorite pizza place but unfortunately i can t say the same anymore,negative,positive,0.7220091223716736,0.2779908776283264,0.7220091223716736
fries were delicious but the chicken was not cooked properly blood was coming out of it,negative,positive,0.721933126449585,0.2780669033527374,0.721933126449585
i ordered the mad monster which is around taka it wasn t worth the value chicken steak was pretty average out of burger was okish out of french fries were ok,positive,negative,0.7218667268753052,0.7218667268753052,0.2781333327293396
make sure u have anti acid on hand,negative,positive,0.7216597199440002,0.27834025025367737,0.7216597199440002
ammu please serve the usual yesterday your meal portions were very small and the prawns should be cancelled its added no substance hope you will honor the expectation,positive,negative,0.721632719039917,0.721632719039917,0.278367280960083
halim was very bad the rest was good,negative,positive,0.7214306592941284,0.27856940031051636,0.7214306592941284
food was good but he who brings does not give took more money,negative,positive,0.721369743347168,0.2786302864551544,0.721369743347168
they re rice aren t like the restaurant style fried style those cook like the egg is crashed in the rice and they call it fried now let s move to the vegetables and bbq was good just,negative,positive,0.721249520778656,0.278750479221344,0.721249520778656
okay but not fulfill expectation,negative,positive,0.7209973335266113,0.2790026366710663,0.7209973335266113
begun shutki te sutki mach khuje pai nai,positive,negative,0.7208387851715088,0.7208387851715088,0.2791612148284912
improve pizza topping test which is cheddar chesse pizza,positive,negative,0.7205789685249329,0.7205789685249329,0.27942100167274475
price raised too much,positive,negative,0.7205568552017212,0.7205568552017212,0.2794431746006012
sausage is not good,positive,negative,0.7201487421989441,0.7201487421989441,0.27985119819641113
khichuri was taste good but very small quantity of chicken within this price range,negative,positive,0.7201201915740967,0.2798798680305481,0.7201201915740967
they give sufficient amount of chicken but they really lack behind in providing rice and makes me feel every time that they cant provide rice do keep this in consideration,negative,positive,0.7199544310569763,0.2800455391407013,0.7199544310569763
i can t get it anywhere now,positive,negative,0.7199171185493469,0.7199171185493469,0.28008291125297546
the food was good but the delivery was not spot on,negative,positive,0.7193164825439453,0.2806834876537323,0.7193164825439453
it takes more time,negative,positive,0.7189909219741821,0.2810090482234955,0.7189909219741821
i didn t get enough sauce with the grill,positive,negative,0.7184938192367554,0.7184938192367554,0.281506210565567
the sauce spread all over the packaging,negative,positive,0.7184600830078125,0.2815398573875427,0.7184600830078125
burger hasn t disappointed so far,positive,negative,0.718317985534668,0.718317985534668,0.2816820442676544
my father doesn t like sweet but he ate it in one bite,positive,negative,0.7182994484901428,0.7182994484901428,0.2817004919052124
taste be more,negative,positive,0.7182499170303345,0.2817500829696655,0.7182499170303345
rd time order korechi and ebarer meatbox a valo poriman sauce diyeche,positive,negative,0.7181841135025024,0.7181841135025024,0.28181588649749756
the food was good as always i regularly order from them however this time the delivery guy was trash he sent the food to my neighbors instead of me,positive,negative,0.7181429266929626,0.7181429266929626,0.28185710310935974
they took too much time to prepare,positive,negative,0.7180959582328796,0.7180959582328796,0.28190404176712036
it should be better to improve it,negative,positive,0.7179815769195557,0.28201842308044434,0.7179815769195557
chicken jhal fry food was given by the residents,positive,negative,0.7179323434829712,0.7179323434829712,0.2820676863193512
wasn t hot and crispy enough,positive,negative,0.7176435589790344,0.7176435589790344,0.2823564112186432
chicken was scarce in the pasta that s all i gotta say,positive,negative,0.7175480723381042,0.7175480723381042,0.28245192766189575
corn soup highly recommended please r dam baraiyen na tahole r order kora hobe na,positive,negative,0.7174813151359558,0.7174813151359558,0.2825186848640442
kacchi was good but the delivery man took my taka and still didn t give me back my taka he told me that he had no changes could you please check him and ask him to give back my money,positive,negative,0.7174047231674194,0.7174047231674194,0.2825952172279358
valo chilo food but onk late kre,negative,positive,0.7173917293548584,0.2826082408428192,0.7173917293548584
asked for hot chocolate but this time it s different in color,negative,positive,0.7171536684036255,0.2828463912010193,0.7171536684036255
their pizza is good but it took hours to reach so the pizza got cold,positive,negative,0.7171441912651062,0.7171441912651062,0.282855749130249
food was warm but tasteless,negative,positive,0.717131495475769,0.28286847472190857,0.717131495475769
no compains its okay for the price,positive,negative,0.7170121073722839,0.7170121073722839,0.2829878628253937
food was good but amount is poor please be honest,negative,positive,0.7169770002365112,0.28302302956581116,0.7169770002365112
they didn t provide salad,positive,negative,0.7169693112373352,0.7169693112373352,0.2830307185649872
please next time put a bit more sauce with grill chicken sauce tests better if you give much sauce then i will tell people to order from palki restaurant just make sure you put a lot of sauce,negative,positive,0.7168632745742798,0.28313666582107544,0.7168632745742798
sorry this is a mistake i need a help,negative,positive,0.7167119383811951,0.2832880914211273,0.7167119383811951
ordered packs one is good enough another one is just with burnt mutton and so much oily rice,negative,positive,0.7165895700454712,0.2834104895591736,0.7165895700454712
ordered six corn dogs in total today half cheese and full sausage was good but the cheese one was smaller and wasn t filled with cheese tbh the cheese wasn t worth it please try to deliver it crispy,positive,negative,0.7163944840431213,0.7163944840431213,0.2836056053638458
sandwich stuffing was less than usual and burger bun quality wasn t good otherwise it s ok,positive,negative,0.7162691950798035,0.7162691950798035,0.28373080492019653
vhorta loitta fish good tbs rcvd price of tk each quantity insufficient tomato bean taste gross natural veggies absent zaman staff can be notoriously deceptive at times improve portion,negative,positive,0.7162533402442932,0.2837466895580292,0.7162533402442932
where s my spoon and fork,positive,negative,0.7160353660583496,0.7160353660583496,0.2839645743370056
u cant go wrong with anything here it s my go to place for some savory food,positive,negative,0.7160279154777527,0.7160279154777527,0.2839720547199249
i never tasted banana cake of such taste,positive,negative,0.7158876657485962,0.7158876657485962,0.2841123342514038
beef was only piece it should be at least pieces of beef,positive,negative,0.7156959176063538,0.7156959176063538,0.28430411219596863
the packaging of malai kulfi should have been better half of the riders should have been more careful as the box was tipped over,negative,positive,0.7154893279075623,0.28451067209243774,0.7154893279075623
steady always on point quality and standard of coffee is unmatched and unparallel in dhaka highly appreciate this baridhara team,positive,negative,0.7153775095939636,0.7153775095939636,0.2846224904060364
somewhat bland like their uk europe branches they should customize specifically for target south asian market like in their asean branches,positive,negative,0.7153659462928772,0.7153659462928772,0.2846340537071228
took a huge time,negative,positive,0.7151020765304565,0.28489792346954346,0.7151020765304565
taste less bhorta and bhaji,negative,positive,0.7150779366493225,0.2849220633506775,0.7150779366493225
delivery was very late along with the food was cold it was good to eat food when it was hot,negative,positive,0.7148321270942688,0.2851678133010864,0.7148321270942688
where is my percale,positive,negative,0.7146413922309875,0.7146413922309875,0.28535860776901245
broth and garlic is a must,negative,positive,0.7144474983215332,0.2855525314807892,0.7144474983215332
why not give salad,positive,negative,0.7143262624740601,0.7143262624740601,0.2856737971305847
it was nd time bfc provided wrong meal they should be very much sincere about providing meal thank u,negative,positive,0.7139590382575989,0.2860409915447235,0.7139590382575989
packaging not good for your shop,positive,negative,0.7138749957084656,0.7138749957084656,0.28612497448921204
meal is good but day by day prices too higher than food quantity also merchants collect extra money from like platform fee double container fee also add additional money on food price in total value,negative,positive,0.7137387990951538,0.2862611711025238,0.7137387990951538
milk bread isn t that bad,positive,negative,0.7129248976707458,0.7129248976707458,0.28707507252693176
order korte paren,positive,negative,0.7128170132637024,0.7128170132637024,0.28718301653862
normal grilled chicken and naan,positive,negative,0.7119966149330139,0.7119966149330139,0.28800341486930847
sauce quantity was so poor,positive,negative,0.7118044495582581,0.7118044495582581,0.2881956398487091
nachos ta onek norom chilo normaliinachos onek crunchi hoy r french fries o same ami khubi kosto paisi ami cafe crush er regular customer tader khabar onek yummy ajk kno emon hoilo bujlam na,negative,positive,0.7117897868156433,0.2882102131843567,0.7117897868156433
basmoti rice was less but delivery was good,negative,positive,0.7116106152534485,0.2883894443511963,0.7116106152534485
delivery man r number ta den,positive,negative,0.7115023732185364,0.7115023732185364,0.2884976267814636
made a mistake in the drinks order,positive,negative,0.7113044261932373,0.7113044261932373,0.2886956036090851
bar bq chicken is same as years before,positive,negative,0.7111954689025879,0.7111954689025879,0.2888045608997345
it was okay but food portion is very small according to the price the taste is okay,negative,positive,0.711104154586792,0.28889578580856323,0.711104154586792
grill size is very small,positive,negative,0.7108385562896729,0.7108385562896729,0.28916144371032715
momo to age onek moja chilo ajke test less hoye gese,negative,positive,0.7107746601104736,0.28922539949417114,0.7107746601104736
in complete set menu,negative,positive,0.7099592089653015,0.2900407612323761,0.7099592089653015
ager theke khabar er quality poor please check your quality but price and for portion is enough for one person,positive,negative,0.7095367312431335,0.7095367312431335,0.29046329855918884
junk food of the world,negative,positive,0.70946204662323,0.29053795337677,0.70946204662323
corn dog not so good okay meat box was tasty,positive,negative,0.709437906742096,0.709437906742096,0.29056215286254883
ordered the nutella cheesecake it was delicious but the size was too small,negative,positive,0.7091332674026489,0.29086679220199585,0.7091332674026489
but get was written in the menu but they didn t provide any,negative,positive,0.7091118693351746,0.2908881604671478,0.7091118693351746
the chicken burger was good but the fries were soggy it wasn t the best meal,negative,positive,0.7089380025863647,0.29106205701828003,0.7089380025863647
the donuts were alright but the custard was all over the box and the chocolate too,negative,positive,0.7088422775268555,0.2911577522754669,0.7088422775268555
food was awmike the behavior of the staff was too much gokd,positive,negative,0.7087324261665344,0.7087324261665344,0.2912675738334656
fruit cake only means truti fruti,positive,negative,0.7086836099624634,0.7086836099624634,0.2913163900375366
food was good but they did not give me the sauces that i ordered and my coleslaw spilled in the bag,negative,positive,0.7086164951324463,0.2913834750652313,0.7086164951324463
dog vomit in a polythene would taste better than their food,negative,positive,0.708389937877655,0.2916099727153778,0.708389937877655
i ordered pizza spread some kind of sauce on the bread and spread a little bit of egg white and some chicken the food was cold,negative,positive,0.7083525657653809,0.29164743423461914,0.7083525657653809
the rice is soft,negative,positive,0.7082082033157349,0.29179179668426514,0.7082082033157349
foodpanda vouchers spread no offer foodpanda has also taken the pickup option very unhappy with it please enable foodpanda pickup option and accept voucher to increase order,negative,positive,0.7081687450408936,0.29183125495910645,0.7081687450408936
you should have added a little more cheese as i ordered cheesy panic pasta,negative,positive,0.7081425786018372,0.29185742139816284,0.7081425786018372
the roast and polaw was awesome but the chuijhal s taste was awful for me,positive,negative,0.7078463435173035,0.7078463435173035,0.29215365648269653
your food serving was always fresh and huge quantity of the food that you have provided i have never seen before in any other restaurant like you stay like this,positive,negative,0.7078360915184021,0.7078360915184021,0.2921638786792755
sharma is getting less chicken inside today s sharma is less good than the previous sharma,negative,positive,0.7076858282089233,0.29231417179107666,0.7076858282089233
teharir amount khub e olpo price onujayi,negative,positive,0.7076612114906311,0.29233884811401367,0.7076612114906311
different dish was provided,negative,positive,0.7076534628868103,0.2923464775085449,0.7076534628868103
beef khichuri was not up to the mark rest were good,positive,negative,0.7076456546783447,0.7076456546783447,0.2923542857170105
tastes changes for their peri peri chicken meal didn t like the new taste,positive,negative,0.7074876427650452,0.7074876427650452,0.2925123870372772
food quality should be improved,negative,positive,0.7074112892150879,0.2925887405872345,0.7074112892150879
it s tasty but this is raw chicken why you don t cook properly thanks,negative,positive,0.7073835134506226,0.29261645674705505,0.7073835134506226
aiprices a ar theke valo food pawa jay ata selecte kora jere pare koyek jon eksathe khele,negative,positive,0.7071348428726196,0.292865127325058,0.7071348428726196
test is good but ager tulunae quantity kome gce akdom e pura box e ak koane olpo aktu cilo,negative,positive,0.7071245908737183,0.2928753197193146,0.7071245908737183
burger was good but ordered swarma which was cold and not really taste like the arabian swarma,negative,positive,0.7062885761260986,0.293711394071579,0.7062885761260986
isn t well only pcs meat offline price tk but food panda price tk but why this difference all site prices should be the same otherwise food panda will have infamy,negative,positive,0.7055493593215942,0.2944506108760834,0.7055493593215942
the black bhunar tastes good but is very strong in the flesh and is very difficult to grow she is not satisfied with eating kalavuna,negative,positive,0.7055287957191467,0.29447120428085327,0.7055287957191467
they have decreased the portion of fried chicken in their burgers and also the amount of fries,positive,negative,0.7054861783981323,0.7054861783981323,0.2945138216018677
i deduced one star cz the mutton pieces were very small and almost no flesh in them but usually sultan s dine is my go to place for kacchi they re the best in town,positive,negative,0.7054157853126526,0.7054157853126526,0.29458415508270264
everything was fine until i find out they covered the food with thin poly and baked in oven u should always be careful with the micro plastics that might be getting mixed with the food u re process,negative,positive,0.7053970098495483,0.29460304975509644,0.7053970098495483
if you order borhani it seems better if you give them separately instead of together,positive,negative,0.7046149373054504,0.7046149373054504,0.2953850328922272
got extra parathas how can i compensate,positive,negative,0.7045814990997314,0.7045814990997314,0.29541847109794617
food taste was good but quantity of gravy and rice was less there were out of parts of the container and because it was not packed well the rice almost fell food price of rupees actually this quantity is not desirable in any way,positive,negative,0.7042459845542908,0.7042459845542908,0.29575395584106445
nachos are good quantity but not tasty too much red beets and chili sauce and weird looking mayonnaise that doesn t have any flavor i ve had better within this price range,negative,positive,0.7042245268821716,0.295775443315506,0.7042245268821716
mushrooms were so spicy that it overpowered its original taste and flavor,positive,negative,0.7041994333267212,0.7041994333267212,0.2958006262779236
cheesehunter nachos is better remove this one,negative,positive,0.7041186094284058,0.29588136076927185,0.7041186094284058
too much oil quality was better before,positive,negative,0.7040019631385803,0.7040019631385803,0.2959980070590973
very late but the food was okay,negative,positive,0.7039968371391296,0.296003133058548,0.7039968371391296
i ordered mezbani beef akhni i have ordered this several times and always like the amount of beef rice and taste,positive,negative,0.7038772702217102,0.7038772702217102,0.2961227297782898
the amount needed to be more,negative,positive,0.7038276195526123,0.2961724102497101,0.7038276195526123
did it need to be better,negative,positive,0.7038115859031677,0.2961883842945099,0.7038115859031677
i ordered naga pop but provided regular pop,positive,negative,0.7029284238815308,0.7029284238815308,0.29707157611846924
i clicked rib but h m,negative,positive,0.7028297185897827,0.2971702814102173,0.7028297185897827
shob shomoy kacchi bhai er kacchi amr khub pochondo but aj k for the first time moja too hoi nai sathe khadok enechi r aitai akjon kheye beshi rice hoi but ajk rice onk kom deyechen bujhlam na kno,negative,positive,0.7025550603866577,0.2974449396133423,0.7025550603866577
the paratha was very hard either without oil or with oil mayan should be done in advance the vegetables were good aloo bhaji is more salty and dal can be done better,positive,negative,0.7022644877433777,0.7022644877433777,0.2977355122566223
price ta onek beshi hoi food quantity compare korle but food quality wasn t too bad,positive,negative,0.7017259001731873,0.7017259001731873,0.29827409982681274
meat did not have properly,positive,negative,0.7016960978507996,0.7016960978507996,0.29830390214920044
inconsistent food qua,positive,negative,0.7014628052711487,0.7014628052711487,0.2985371947288513
rice is not good,positive,negative,0.7013500332832336,0.7013500332832336,0.2986499071121216
shawrma was good but bbq chicken was not cooked properly,negative,positive,0.7010427713394165,0.2989571690559387,0.7010427713394165
the portion is good but it doesn t taste good very plain and taste less,negative,positive,0.7009563446044922,0.2990436553955078,0.7009563446044922
kfc bose khaile je feel kintu basay anle oi feel sr taste thake na din seshe farm er murgi bhai,positive,negative,0.7008551359176636,0.7008551359176636,0.2991448640823364
over priced donuts,positive,negative,0.7008377909660339,0.7008377909660339,0.29916220903396606
what stood out the most,positive,negative,0.7008092999458313,0.7008092999458313,0.2991907000541687
food packaging was not up to the mark service not much professional but okay,positive,negative,0.7003681063652039,0.7003681063652039,0.29963186383247375
less amount and less meats just the fries,positive,negative,0.7001779675483704,0.7001779675483704,0.29982203245162964
puli tar vitore shabaner gondho kortesilo kno bujhlam na you should be careful other than that khabar gulo valoi boltam ei experience ta kharap hoye gelo,negative,positive,0.7000764012336731,0.2999235987663269,0.7000764012336731
i had a special request to use only rd of their usual syrup and a bit of extra coffee for my crimson cup mocha instead i received extra syrup with almost no coffee it was sweet beyond limitation,negative,positive,0.7000753283500671,0.2999246418476105,0.7000753283500671
size got too fucking small,positive,negative,0.6996796727180481,0.6996796727180481,0.30032026767730713
the chocolate cake was good alhamdulillah but the sharma is absolutely bad i could not eat it properly it was cold and the chicken inside was not cooked properly sharmata was not fresh,negative,positive,0.6993359923362732,0.3006640374660492,0.6993359923362732
rice meal quality has deteriorated it was better before,positive,negative,0.6993255615234375,0.6993255615234375,0.3006744086742401
cant believe how every time the quality disappoints,negative,positive,0.6987599730491638,0.3012399971485138,0.6987599730491638
meat was very small bony,positive,negative,0.6981146335601807,0.6981146335601807,0.3018854260444641
had the spicy ramen twice didn t disappoint,positive,negative,0.6979694366455078,0.6979694366455078,0.3020305037498474
everything was fine but after ordering large french fries i got normal french fries very disappointing,positive,negative,0.6977233290672302,0.6977233290672302,0.30227670073509216
this time the chicken was nice idk what they did to the previous order it was really bad good thing was i didn t give up on bfc based on that shiite order,positive,negative,0.6976637840270996,0.6976637840270996,0.3023362457752228
tried sylhet branch and mirpur branch s naga achari rice and it was good but banani branch really disappointed me,negative,positive,0.6975616216659546,0.3024384081363678,0.6975616216659546
pudina and coconut milk were low inquantity,positive,negative,0.6975219249725342,0.6975219249725342,0.30247804522514343
need to provide bigger size pizza and rice or noodles wasn t like chinese,negative,positive,0.6974847912788391,0.3025152087211609,0.6974847912788391
hated the onions,positive,negative,0.6973554491996765,0.6973554491996765,0.3026445209980011
i ve been a customer of coffee lime for over years and never once was i dissatisfied with them,positive,negative,0.6973431706428528,0.6973431706428528,0.3026568293571472
both rice was less and the meat piece size was smaller than before,positive,negative,0.6973423957824707,0.6973423957824707,0.3026576042175293
there were no tissues or condiments supplied with the food please take care next time,positive,negative,0.6973270773887634,0.6973270773887634,0.30267295241355896
it takes long time for delivery,negative,positive,0.6970819234848022,0.30291807651519775,0.6970819234848022
rice was moisturized,negative,positive,0.6967669129371643,0.3032331168651581,0.6967669129371643
given a picture got a completely different thing although the food tasted good i asked for pizza and got bread,negative,positive,0.6966127753257751,0.30338722467422485,0.6966127753257751
rumali rooti was too thick,positive,negative,0.6965115666389465,0.6965115666389465,0.3034884035587311
extra sauce was very minimal,positive,negative,0.6964036226272583,0.6964036226272583,0.3035964071750641
i have had better meals from chillox than this,negative,positive,0.6963784694671631,0.3036215007305145,0.6963784694671631
would give negative feedback if possible,negative,positive,0.6962602138519287,0.3037397563457489,0.6962602138519287
valo kharap na star for letting me dine in on a pick up order,positive,negative,0.6959450840950012,0.6959450840950012,0.30405494570732117
waffle bhalo chilo kintu burger ta ekebarei khaowa jacchilo na bite kheye bakituk burger felei diyechi ami burger bun ta oily chicken ta salty and sauce tao kharao chilo,negative,positive,0.6956894993782043,0.30431053042411804,0.6956894993782043
not bad need more improvement,negative,positive,0.6956515908241272,0.3043484091758728,0.6956515908241272
pizza was good but amount of chicken was less compared to the dine in also selected thin crust but they gave thick crust will recommend them to improve their service accuracy,negative,positive,0.6956478357315063,0.30435216426849365,0.6956478357315063
vorta portions are too small in size not sufficient for one person restaurant authority may think about it,positive,negative,0.6953783631324768,0.6953783631324768,0.3046216666698456
bhaiyaaaaa full ek er,positive,negative,0.6953455209732056,0.6953455209732056,0.30465444922447205
it was expensive and the pizza was not good if a food is expensive it should be delicious but youre pizza was expensive and it didnt taste well,negative,positive,0.6950302720069885,0.3049696981906891,0.6950302720069885
the burger is very small now pls make it like it used to be,positive,negative,0.6944870352745056,0.6944870352745056,0.3055129945278168
everything was good but the chicken wings were burnt and it tasted bad,negative,positive,0.6944181323051453,0.30558186769485474,0.6944181323051453
some items were ok others were not,negative,positive,0.6942256689071655,0.3057743012905121,0.6942256689071655
every time they provided less items,negative,positive,0.6940627694129944,0.3059372007846832,0.6940627694129944
make the packaging better the masala chicken broth is out of the packet and the rice was cold the coffee was decent,negative,positive,0.6933515667915344,0.30664849281311035,0.6933515667915344
testy wasn t good,negative,positive,0.6931759715080261,0.30682405829429626,0.6931759715080261
they have reduced their quantity from their previous benchmark they have set so im just satisfied not delighted,positive,negative,0.6931228637695312,0.6931228637695312,0.30687716603279114
rice was good bt the sub was yuck baddest one i ever tested bread was brown,negative,positive,0.692755937576294,0.30724403262138367,0.692755937576294
sauce chilo na it was unfair,positive,negative,0.6927478909492493,0.6927478909492493,0.3072521686553955
egg was missing in beef kacchi apart from this the taste was good,positive,negative,0.6926997900009155,0.6926997900009155,0.30730029940605164
beef bacon cheese was not good at all but the double chicken was the bestttt and their chicken fry is just better than kfc,positive,negative,0.6923551559448242,0.6923551559448242,0.30764493346214294
orders are almost always delayed thus the food is always cold when it arrives,positive,negative,0.6921767592430115,0.6921767592430115,0.30782318115234375
long wait time,negative,positive,0.6919623017311096,0.308037668466568,0.6919623017311096
test was good but quantity was too low as per price,negative,positive,0.6918232440948486,0.308176726102829,0.6918232440948486
too much maoniz,positive,negative,0.6916529536247253,0.6916529536247253,0.3083469569683075
fish chips and potato wedges are not up to the mark nachos were nice,positive,negative,0.6916504502296448,0.6916504502296448,0.30834949016571045
burger and chow mein both tasted average,negative,positive,0.6914829611778259,0.30851706862449646,0.6914829611778259
alhamdulliah but ig they should improve the cake flavouring,negative,positive,0.6911132335662842,0.3088867664337158,0.6911132335662842
price onujai purman onek kom,positive,negative,0.6909221410751343,0.6909221410751343,0.3090778887271881
doi ordhek pore gesilo,positive,negative,0.6907750964164734,0.6907750964164734,0.30922484397888184
he extra change,negative,positive,0.6904615163803101,0.30953848361968994,0.6904615163803101
only sauce why,positive,negative,0.6903988122940063,0.6903988122940063,0.30960115790367126
there was little to no chanachur,positive,negative,0.6903201341629028,0.6903201341629028,0.30967989563941956
not bad ok,negative,positive,0.6902871131896973,0.30971288681030273,0.6902871131896973
time takes too long,negative,positive,0.6902720332145691,0.3097279369831085,0.6902720332145691
age onk moja chilo chicken achari khichuri ta but ebar ektuo valo lage ni,negative,positive,0.6894240975379944,0.31057584285736084,0.6894240975379944
ordered grill chicken it was well cooked,positive,negative,0.6891334056854248,0.6891334056854248,0.3108665943145752
it s just waffles nothing to decide if you want waffles just order if the price and delivery time are acceptable to you,positive,negative,0.6886920928955078,0.6886920928955078,0.3113079071044922
rice quality is not good enough,positive,negative,0.6886329054832458,0.6886329054832458,0.31136712431907654
there will be no talk about sultan dine s kacchi just eat it with aha test,positive,negative,0.68862384557724,0.68862384557724,0.31137609481811523
american bbq sauce khotai,negative,positive,0.6886173486709595,0.31138259172439575,0.6886173486709595
got less egg in mughlai paratha,positive,negative,0.6885530948638916,0.6885530948638916,0.3114469051361084
they weren t warm enough,positive,negative,0.6883328557014465,0.6883328557014465,0.3116671144962311
sandwich was good but they surve a dirty cork jar juice which is unhygienic,negative,positive,0.6880643963813782,0.31193557381629944,0.6880643963813782
one item was cancelled,positive,negative,0.6880233883857727,0.6880233883857727,0.31197667121887207
i did not know that peri peri masala means maggi masala however the taste was ok,positive,negative,0.6880230903625488,0.6880230903625488,0.3119768798351288
most of the items are tasty but portions are not enough even for one person must improve the quantity cheese samosas are very pricy only pcs for tk snd tiny in size,negative,positive,0.6877437829971313,0.3122562766075134,0.6877437829971313
the quantity of food was less than the price,positive,negative,0.6876456141471863,0.6876456141471863,0.3123543858528137
chaap n sauce was good but luchii man eta luchii chilo naki biscuit idk out of,negative,positive,0.6874654293060303,0.3125345706939697,0.6874654293060303
portion size is small it could be better to do a more large,negative,positive,0.6873494386672974,0.31265056133270264,0.6873494386672974
ordered a best burger they gave me another type of burger,negative,positive,0.6871622800827026,0.31283771991729736,0.6871622800827026
a good piece of meat was not given rice quantity good enough for one person,negative,positive,0.687124490737915,0.3128754794597626,0.687124490737915
food was problem,negative,positive,0.6870823502540588,0.31291767954826355,0.6870823502540588
burger taste could ve been better pattys felt bland,positive,negative,0.6870315670967102,0.6870315670967102,0.3129684329032898
khabar vlo cilo but mansho kom har besi,positive,negative,0.6869364380836487,0.6869364380836487,0.3130636215209961
the halim is too runny,positive,negative,0.6868559122085571,0.6868559122085571,0.31314411759376526
food is pretty good not bad i had chicken birani but there was no salat i ordered a lemon sherbet but the sherbet was not good it took a long time to deliver the food it shouldn t have taken so long,negative,positive,0.686706006526947,0.31329402327537537,0.686706006526947
took way too long,positive,negative,0.6863107681274414,0.6863107681274414,0.3136892020702362
not bad but not good it can be better,negative,positive,0.6856151819229126,0.314384788274765,0.6856151819229126
the food was good but they took almost one hour for delivery,negative,positive,0.6855923533439636,0.3144076466560364,0.6855923533439636
the poutine sauce needs to be improved you need to make the poutine cheesy this sauce is despicable moreover the mushroom chicken tastes so bland the rice was good,negative,positive,0.6855050921440125,0.31449490785598755,0.6855050921440125
i think the coco dlight juice which is made from ripe coconut not made from young coconut not so much creamy teasty,positive,negative,0.6854871511459351,0.6854871511459351,0.31451287865638733
short chicken peace,negative,positive,0.6853957772254944,0.314604252576828,0.6853957772254944
prep time was very high,negative,positive,0.6853623986244202,0.3146376311779022,0.6853623986244202
price is too high according to food,positive,negative,0.6851832270622253,0.6851832270622253,0.31481680274009705
food was good but packaging was not so good some items were out from the cups like imle chutni pudina sauce coconut chutni that made a mess the rider was also careless to carry the parcel,negative,positive,0.6851474046707153,0.3148525357246399,0.6851474046707153
rice kom chilo takar pkg a takar rice taste alys good,negative,positive,0.6849469542503357,0.3150530755519867,0.6849469542503357
pizza is always good but the burger disappointed me they always prepare time hugely and customers get it cold,negative,positive,0.6848141551017761,0.3151858448982239,0.6848141551017761
they need to improve in their making of sweet curd,positive,negative,0.6845110058784485,0.6845110058784485,0.3154889941215515
average gives good but today gave bad,positive,negative,0.6844356656074524,0.6844356656074524,0.3155643343925476
don t get the extra liquid chili sauce,positive,negative,0.6842391490936279,0.6842391490936279,0.3157607913017273
mangsho kom chilo,positive,negative,0.6841434240341187,0.6841434240341187,0.31585660576820374
bbq riceball er chicken ta valo rice a sugar kn jnina misti pura cashewnut salad ai onk sugar,negative,positive,0.6839186549186707,0.31608134508132935,0.6839186549186707
severe delay of arrival,negative,positive,0.683803915977478,0.31619614362716675,0.683803915977478
deliver food atleast warm please,positive,negative,0.6836523413658142,0.6836523413658142,0.316347599029541
quantity less but test ok,negative,positive,0.6836075782775879,0.3163924217224121,0.6836075782775879
the amount of rice was enough and not dry it had a luscious mouthfeel the mutton on the other hand could be better,positive,negative,0.6833784580230713,0.6833784580230713,0.3166215419769287
amount of food was enough at this price,negative,positive,0.683195173740387,0.3168048560619354,0.683195173740387
out of three items one was wrong food quality is good,negative,positive,0.6829031705856323,0.3170968294143677,0.6829031705856323
quantity was not satisfactory according to the price,positive,negative,0.6827574372291565,0.6827574372291565,0.31724250316619873
meat size not good,positive,negative,0.6826927661895752,0.6826927661895752,0.31730717420578003
if you want to order loaded fries from them order the pan fried one the others don t taste as good as this one,positive,negative,0.6824893355369568,0.6824893355369568,0.3175106942653656
they forgot to give me a garlic sauce,positive,negative,0.6824573874473572,0.6824573874473572,0.31754255294799805
too late expected bit of early,negative,positive,0.6824119091033936,0.31758809089660645,0.6824119091033936
always been a fan of their burgers but today it was a bit disappointing to see the quantity of chicken in the burger i hope they ll bring back their old quality and taste,negative,positive,0.6821973323822021,0.31780266761779785,0.6821973323822021
ajke began vaji ta khete pari nai onek onek beshi lobon silo onissakrito vul no doubt hotei pare but still,positive,negative,0.6821953058242798,0.6821953058242798,0.3178046941757202
this is the th time in last week they haven t provided any salad chutney why,positive,negative,0.6820456385612488,0.6820456385612488,0.317954421043396
not so good dhanmondi takeout is best,negative,positive,0.6819693446159363,0.3180306851863861,0.6819693446159363
your food was good but not what you were looking for on the menu there was leg pitch in the menu but i didn t get leg pitch and food was also less and the packaging would have been nicer so,negative,positive,0.6814741492271423,0.31852585077285767,0.6814741492271423
the meat was dry,positive,negative,0.6814439296722412,0.6814439296722412,0.3185560703277588
wings not good,positive,negative,0.6811848282814026,0.6811848282814026,0.3188151717185974
fachka is fun but made with only potatoes without pulses,negative,positive,0.6807692646980286,0.31923073530197144,0.6807692646980286
mayer hater rannar moto khub mozar khabar,positive,negative,0.6802657246589661,0.6802657246589661,0.31973424553871155
meat portions were not enough,positive,negative,0.6801061630249023,0.6801061630249023,0.31989383697509766
baiya koi khabar,positive,negative,0.679922878742218,0.679922878742218,0.3200770914554596
everything was fine but the mutton pieces were like burnt ashes,negative,positive,0.6798191666603088,0.32018089294433594,0.6798191666603088
my food is damanged,negative,positive,0.6792121529579163,0.32078781723976135,0.6792121529579163
jali kabab was not so good they mix food color i guess other than that naan porota alu porota was good boti kabab had slices of potatoes in it did not like it,positive,negative,0.6791297793388367,0.6791297793388367,0.32087019085884094
they need to take control of the grease,positive,negative,0.6790902614593506,0.6790902614593506,0.32090967893600464
the dough was very crunchy but the chana daal chickpeas wasn t fully boiled it was a little hard,positive,negative,0.6787616610527039,0.6787616610527039,0.32123836874961853
one of the khasir chui jhals was good another is almost entirely fat,negative,positive,0.6785966157913208,0.3214033246040344,0.6785966157913208
pasta basta ta ekbare dry chilo,positive,negative,0.6781257390975952,0.6781257390975952,0.3218742609024048
found it tastier than kfc,positive,negative,0.6778124570846558,0.6778124570846558,0.3221875727176666
everything was fine only baked yogurt did not taste like before,positive,negative,0.6777787804603577,0.6777787804603577,0.32222118973731995
little in quantity,negative,positive,0.6777767539024353,0.3222231864929199,0.6777767539024353
the amount of rice is a little less because i am a picky eater the salad veg was not good the chicken was fun thank you,negative,positive,0.6776034235954285,0.32239657640457153,0.6776034235954285
bolonga sandwich size is misleading and very small,positive,negative,0.6774121522903442,0.6774121522903442,0.32258784770965576
dont use testing salt,positive,negative,0.67714524269104,0.67714524269104,0.3228547275066376
food was good but almost ofvanila icecream has gone from container as it was not fixed ptoperly,negative,positive,0.6770721077919006,0.32292789220809937,0.6770721077919006
chicken popcorn ta bhaloi chilo tobe star dite parlam na kano jani kichu akta missing mone hoilo but tao apnara chaile try kortei paren,positive,negative,0.6769995093345642,0.6769995093345642,0.3230005204677582
grrel ta ektu moja laglona ar batar nan kore raksen ata o ektu moja na dam o besy raksen arokom korle kew kinbena,negative,positive,0.6761902570724487,0.32380980253219604,0.6761902570724487
taste of beef nihari was so bad but their paratha was good,negative,positive,0.6761564016342163,0.3238435685634613,0.6761564016342163
average chilo akhni ta,negative,positive,0.6760141253471375,0.32398587465286255,0.6760141253471375
if you have been their customer for the last years you would agree that the taste or quality has not dropped a bit keep it up,positive,negative,0.675969123840332,0.675969123840332,0.32403090596199036
the delivery man was very efficient,positive,negative,0.6757434010505676,0.6757434010505676,0.32425665855407715
not excellent as all ingredients are not same as dine in,positive,negative,0.6755204796791077,0.6755204796791077,0.32447946071624756
joy pleasure and no regrets thanks guys,positive,negative,0.6754288673400879,0.6754288673400879,0.3245711624622345
banaite late koroin,positive,negative,0.6753261685371399,0.6753261685371399,0.3246738314628601
the burger patty was over fried,positive,negative,0.6752252578735352,0.6752252578735352,0.32477474212646484
i have only one complain about their food is that they don t provide enough sauce and salad ever,positive,negative,0.6751834154129028,0.6751834154129028,0.32481658458709717
beef chicken were delicious do not order spinach cheese is raw awful taste,positive,negative,0.6746771931648254,0.6746771931648254,0.3253227770328522
the cream cheese hazelnut and pearl milk tea are my favourites,positive,negative,0.6745421886444092,0.6745421886444092,0.3254578113555908
never order the wedges it will just ruin everything else for you the burgers and surprisingly the wraps are really good i just wish they would modify their french fries a bit as it is bland,positive,negative,0.6744158864021301,0.6744158864021301,0.3255841135978699
they have reached to different level in terms of sweet items,positive,negative,0.6743569374084473,0.6743569374084473,0.3256430923938751
but riderarr karone pizza ta nosto hoye gesilo pizza r sob topping pore gesilo,positive,negative,0.6743401885032654,0.6743401885032654,0.3256598114967346
food tastes good but the quantity is very less and also over priced even if the tk chicken kebab has bones it is not suitable at all i would advise you to think carefully and order,negative,positive,0.6740380525588989,0.3259619176387787,0.6740380525588989
the fries and chicken fingers were pretty good but the burger was bad compared to the old ones i ve ate from here,negative,positive,0.6739964485168457,0.3260035812854767,0.6739964485168457
lagsa poosa kabar kaitasi but agar kabar balo silo,negative,positive,0.6739819049835205,0.3260181248188019,0.6739819049835205
coffee was not good,positive,negative,0.6738677024841309,0.6738677024841309,0.32613226771354675
salad was not fresh maybe the chicken in salad doesn t taste good if the chicken or nuts were fresh i would have loved it,negative,positive,0.6737175583839417,0.3262825012207031,0.6737175583839417
borhani price onujaye quantity onk kom,positive,negative,0.6736548542976379,0.6736548542976379,0.32634514570236206
i ordered naga chicken sub sandwich and shwarma the taste of shwarma was not that good but the other two items tasted great they can improve there,positive,negative,0.6732333898544312,0.6732333898544312,0.32676663994789124
requested to rider to tell them to give tomatoe ketchup but they did not provide,positive,negative,0.6731159090995789,0.6731159090995789,0.32688412070274353
taste was good but the amount of rice was very little,negative,positive,0.6731118559837341,0.3268881142139435,0.6731118559837341
very mid fried chicken ranch is good but low in quantity,negative,positive,0.672931969165802,0.327068030834198,0.672931969165802
momo is good but burger was worst ever,positive,negative,0.6725894212722778,0.6725894212722778,0.32741057872772217
both shwarma has the same test,negative,positive,0.6725319027900696,0.3274681270122528,0.6725319027900696
quantity is not adequate the taste is okay price without vouchers is high,positive,negative,0.6723505854606628,0.6723505854606628,0.32764932513237
the patty test like kabab,negative,positive,0.6716753244400024,0.32832464575767517,0.6716753244400024
the food was okay but the quantity was questionable for it s price,negative,positive,0.6716669201850891,0.3283330798149109,0.6716669201850891
they made my burger according to the instructions most restaurants do not prepare any instructions but they did and prepared the food accordingly the burger tasted great as usual,positive,negative,0.6711084246635437,0.6711084246635437,0.3288915455341339
but quantity is very low of combo,negative,positive,0.6709986925125122,0.3290013372898102,0.6709986925125122
the rate is higher than meat salad is not served with it,positive,negative,0.6707379817962646,0.6707379817962646,0.32926204800605774
the meal was ok but too cold to eat,positive,negative,0.6702030301094055,0.6702030301094055,0.3297969698905945
momor sathe je tomato sause silo seta box theke pore sob momo te mixed hoye silo proper packaging needed momo taste was average,positive,negative,0.6700674295425415,0.6700674295425415,0.3299325108528137
plz msg reply,negative,positive,0.6698600649833679,0.33013996481895447,0.6698600649833679
dishes are available in majni food,negative,positive,0.669363796710968,0.3306361734867096,0.669363796710968
takeout never lets me down,positive,negative,0.6691100597381592,0.6691100597381592,0.3308899402618408
it was goog,negative,positive,0.6685759425163269,0.33142396807670593,0.6685759425163269
they should emphasize on plain rice and dal,negative,positive,0.6685755848884583,0.33142438530921936,0.6685755848884583
taste was good but the amount was too poor than before it was rd than before,negative,positive,0.6684309840202332,0.33156898617744446,0.6684309840202332
momo was good but soup was not tasty at all no chunks of chicken or corn in a chicken corn soup,negative,positive,0.6683288812637329,0.3316711485385895,0.6683288812637329
food was food but waited more than one hour for food,positive,negative,0.6683254837989807,0.6683254837989807,0.3316745162010193
chap quantity was poor bt it was tasty overall,positive,negative,0.6682069897651672,0.6682069897651672,0.331792950630188
order comes late,positive,negative,0.668185830116272,0.668185830116272,0.331814169883728
there is no salad,positive,negative,0.6680461168289185,0.6680461168289185,0.33195382356643677
akni biryani morog polaw,positive,negative,0.6680262684822083,0.6680262684822083,0.33197373151779175
packing is nice and the food was very tasty but got too much hair into lal shak vaji be careful about this for your reputation hair was cut in many small pieces into lal shak vaji so u got,positive,negative,0.6678903698921204,0.6678903698921204,0.33210963010787964
food was fresh but taste was not good enough just boiled the pasta and served,negative,positive,0.6676689982414246,0.33233097195625305,0.6676689982414246
the salt is way too less for my liking in french fries i suggest to add customized option french fries made with salt,positive,negative,0.6675355434417725,0.6675355434417725,0.33246445655822754
good taste but portion is horrible for fries and pop chicken large fries felt like extra small pop chicken was almost half as many as other places provide wings r good tho the wings are worth it,negative,positive,0.6674968600273132,0.33250313997268677,0.6674968600273132
the coleslaw taste was very bad and also the mastered sauce is very bad it was just mastered paste but the chicken fry was good,positive,negative,0.6673821806907654,0.6673821806907654,0.3326178193092346
highly recommended but the time management is horrible,positive,negative,0.6667463779449463,0.6667463779449463,0.3332536816596985
the taste of the food was good but the chicken meat was low on bones it would be nice to change this,negative,positive,0.6666339039802551,0.3333660960197449,0.6666339039802551
taste good but no chinri in lau chinri i ordered for spoon but there is no spoon if can t provide don t give the option thank you,negative,positive,0.6663693785667419,0.33363068103790283,0.6663693785667419
the borhani battle little bit damaged and the overall packaging not so good,positive,negative,0.6661995649337769,0.6661995649337769,0.33380040526390076
roti was cool,negative,positive,0.66617751121521,0.33382245898246765,0.66617751121521
food s okay but the quantity is really small,negative,positive,0.6657952666282654,0.334204763174057,0.6657952666282654
dal makhani was very bad but nan was very good,negative,positive,0.6657939553260803,0.3342060148715973,0.6657939553260803
taki mach bhorta was not tasty it should not be so spicy like shutki bhorta everything else was good and tasted like home food,positive,negative,0.6656814813613892,0.6656814813613892,0.33431845903396606
the meat was definitely not dog meat,positive,negative,0.6656062602996826,0.6656062602996826,0.334393709897995
the next time you take vat give proof,positive,negative,0.665504515171051,0.665504515171051,0.334495484828949
size a choto,positive,negative,0.6652932167053223,0.6652932167053223,0.33470678329467773
meat quality needs improvement,negative,positive,0.664925754070282,0.3350742757320404,0.664925754070282
meat er quantity ta barate hobe,negative,positive,0.6649207472801208,0.33507925271987915,0.6649207472801208
they didn t give what i ordered but food was good,positive,negative,0.6647758483886719,0.6647758483886719,0.3352242410182953
the packaging of the sauce was not good the sauce would have been fine if we had used scotch tape open the lid of the bowl in which the sauce has been placed and spread the sauce and mayo on the coating take care of it,positive,negative,0.6647628545761108,0.6647628545761108,0.33523714542388916
i got wings worth each that is not fair at all,negative,positive,0.6646556854248047,0.3353443145751953,0.6646556854248047
pasta was asss,negative,positive,0.6645961999893188,0.33540380001068115,0.6645961999893188
the size of the meat is very small so the price is high,positive,negative,0.6642850041389465,0.6642850041389465,0.3357149660587311
packaging not good not satisfied with the packaging,positive,negative,0.6641998887062073,0.6641998887062073,0.3358001410961151
see you not for mind,positive,negative,0.6641929149627686,0.6641929149627686,0.33580705523490906
chaichi small fish curry and dil fried fish eggs what do you want to do food was good,positive,negative,0.66412752866745,0.66412752866745,0.3358725309371948
less meat rice and oil are more,positive,negative,0.6640976071357727,0.6640976071357727,0.3359023928642273
you need to improve your burger more its very average,positive,negative,0.6640350818634033,0.6640350818634033,0.3359648585319519
discount or inflation or both clear reflection on size of meat pieces,negative,positive,0.6640064716339111,0.33599355816841125,0.6640064716339111
not bad but they don t give sauce they make a little amount of sauce pack specially for foodpanda this is very bad they should improve grill and chicken tandori is too much small compared to price,positive,negative,0.6639748215675354,0.6639748215675354,0.3360251784324646
you must be show the size of your beverage,negative,positive,0.6638912558555603,0.3361087441444397,0.6638912558555603
there was no label on the box and supplied in a local bag whereas earlier we got different one from the same restaurant thank you,positive,negative,0.6633661389350891,0.6633661389350891,0.3366338312625885
er agey jotodin nishi tikh silo kintu aj bhortar poriman kome gesey sad,negative,positive,0.6632810235023499,0.33671897649765015,0.6632810235023499
food quality is fair should be better,negative,positive,0.6631852984428406,0.3368147611618042,0.6631852984428406
nachos was good but baked pasta and chicken noodles didn t taste good they ruined the experience of baked pasta by spreading chili powder on top of the cheese i would not recommend,negative,positive,0.663120687007904,0.33687931299209595,0.663120687007904
valoi kharap na,positive,negative,0.6630715727806091,0.6630715727806091,0.33692842721939087
it is not clear whether it is beef or buffalo but kutum likes home food,positive,negative,0.6626598238945007,0.6626598238945007,0.33734017610549927
food over all ok but they don t give me vorta it s so sad thanks,negative,positive,0.6624687910079956,0.3375312089920044,0.6624687910079956
the naga burger was sweeter than a mild flavoured burger and the patty i think was a frozen food product of paragon or golden harvest,negative,positive,0.662391722202301,0.337608277797699,0.662391722202301
need to upgrade quality,negative,positive,0.6621300578117371,0.33786991238594055,0.6621300578117371
khichuri was fun before now it is not,negative,positive,0.6619133949279785,0.3380865752696991,0.6619133949279785
order mutton biryani with mutton liver and naan roti the mutton biryani was interesting but lacked good solid meat probably the small backs of khasi s head gave meat along with eggs rating kalija rating,negative,positive,0.6618623733520508,0.33813756704330444,0.6618623733520508
quantity of filling was less then usual,negative,positive,0.6617289185523987,0.3382711112499237,0.6617289185523987
no salad with kacchi,positive,negative,0.661644458770752,0.661644458770752,0.33835554122924805
can burgers be eaten cold,negative,positive,0.6615602374076843,0.3384397625923157,0.6615602374076843
ordered curd and phirni fairly good but not as thick and sweet as bogur curd phirni s paish test was good,positive,negative,0.6613795757293701,0.6613795757293701,0.3386203646659851
breast piece was too bony,positive,negative,0.6613509058952332,0.6613509058952332,0.33864906430244446
they should focus more on they re burgers,negative,positive,0.6613024473190308,0.3386975824832916,0.6613024473190308
cold and bit sour,negative,positive,0.661155104637146,0.3388449251651764,0.661155104637146
hi jomey bhai,positive,negative,0.6611074209213257,0.6611074209213257,0.3388926386833191
the red sauce taste was very bad i it s tasty and all but i would recommend you ordering it without any sauce but the cheese bites were pretty good and the chicken on the burger was juicy,negative,positive,0.6609514355659485,0.3390485942363739,0.6609514355659485
pasta was good but the packaging of the food was horrible it was almost all over the packet,positive,negative,0.6608175039291382,0.6608175039291382,0.33918246626853943
why was the order so late,positive,negative,0.6607194542884827,0.6607194542884827,0.33928048610687256
need to serve hot we received the fried cool not crispy,positive,negative,0.6602712869644165,0.6602712869644165,0.3397287130355835
wrong i like it depends on taste buds,positive,negative,0.6598153114318848,0.6598153114318848,0.34018465876579285
the burger was fine but the potato wadges were burned so much,negative,positive,0.6597916483879089,0.34020838141441345,0.6597916483879089
the chicken cheese burger was sooo good the thai chicken fries were good too but the quantity of fries was very less quite disappointing,positive,negative,0.6597880125045776,0.6597880125045776,0.34021201729774475
mishtir taste ektu o valo naa,negative,positive,0.6593835949897766,0.340616375207901,0.6593835949897766
long waiting time,negative,positive,0.6589393019676208,0.34106069803237915,0.6589393019676208
price salad drinks provide kora jai just roast ar polao deya,negative,positive,0.6588835120201111,0.34111645817756653,0.6588835120201111
normal chicken momos sauce was spicy,positive,negative,0.6586670279502869,0.6586670279502869,0.34133294224739075
there is relatively little food for the expensive price however the dish has a good flavour,negative,positive,0.6580735445022583,0.3419264853000641,0.6580735445022583
chicken borger was good but quality of barrel wings meat and taste was waste of money,negative,positive,0.658027708530426,0.34197235107421875,0.658027708530426
ager moto quality nai but the quantity is good bbq pasta tay tomato sauce er taste wings quite good,negative,positive,0.6579344868659973,0.3420655429363251,0.6579344868659973
aroh better korte hobeh apnader item eirokm dileh apnara kokono debloved korte parbenna,negative,positive,0.6578739881515503,0.3421259820461273,0.6578739881515503
khatir biriani changed the name i guess it was okayish,positive,negative,0.6578736901283264,0.6578736901283264,0.3421262502670288
meal served with a chunk of boney mutton,positive,negative,0.6576239466667175,0.6576239466667175,0.34237608313560486
pasta was dry inside but rice bowl was quite good,negative,positive,0.6574855446815491,0.3425144851207733,0.6574855446815491
cashew nut salad,negative,positive,0.6574738621711731,0.34252607822418213,0.6574738621711731
why you take container charge,positive,negative,0.6570502519607544,0.6570502519607544,0.342949777841568
deshi chicken jhal fry was actually jhal and that s how it should be,positive,negative,0.656967282295227,0.656967282295227,0.34303268790245056
beef kala bhuna,positive,negative,0.6566946506500244,0.6566946506500244,0.34330540895462036
want to cancel,negative,positive,0.6564962267875671,0.3435036838054657,0.6564962267875671
less quantity high price and average quality,positive,negative,0.6562837958335876,0.6562837958335876,0.34371620416641235
rice arrow kishu deoa jeto tk parson hoy na rice kom hoy khabar valo,positive,negative,0.6560717225074768,0.6560717225074768,0.3439283072948456
it was too late to deliver,positive,negative,0.6556353569030762,0.6556353569030762,0.34436461329460144
too much sauce,positive,negative,0.6554423570632935,0.6554423570632935,0.34455764293670654
quantity is very less but taste is good should increase more,negative,positive,0.6551110744476318,0.34488895535469055,0.6551110744476318
no it was fine for me,positive,negative,0.6548565030097961,0.6548565030097961,0.34514352679252625
poriman onk kom price er tulonay,positive,negative,0.6547139883041382,0.6547139883041382,0.34528598189353943
ordered pieces of bbq wings but they gave me pieces other than that taste was good,positive,negative,0.6545872688293457,0.6545872688293457,0.3454127609729767
burger er vitore plastic peyesi,negative,positive,0.6544844508171082,0.34551557898521423,0.6544844508171082
valo cilo kin pasta theke kmn jani ta smell ascilo,negative,positive,0.6541389226913452,0.3458610773086548,0.6541389226913452
food panda voucher r bkash cashback milaye ta kacchi only tk lagse overall food mutamuti valoy rice enough,positive,negative,0.6539585590362549,0.6539585590362549,0.3460414409637451
the spicy wings need flavored spices not the current one it just burns,positive,negative,0.6538301110267639,0.6538301110267639,0.3461698889732361
meat not much enough,positive,negative,0.6538073420524597,0.6538073420524597,0.3461926281452179
alu vagi aroo chikun kuchi kuchi hobey,negative,positive,0.6537293791770935,0.3462705910205841,0.6537293791770935
sorry for the number problem,positive,negative,0.6535996198654175,0.6535996198654175,0.3464003801345825
less quantity of rice,positive,negative,0.6534357666969299,0.6534357666969299,0.3465642035007477
grilled chicken pieces were quite rubbery the fries were good but got ruined because of the chicken,negative,positive,0.653340756893158,0.34665927290916443,0.653340756893158
khete valoi chilo ektu tel beshi mone hoise tk er kacchi enough jon er jonno packet e beshikkhon khabar rakhar karone packet er plastic gondho ta khabar er moddhe kisuta dhuke gesilo,positive,negative,0.6528996825218201,0.6528996825218201,0.34710031747817993
beef patty not so good,positive,negative,0.652827262878418,0.652827262878418,0.34717270731925964
chicken pieces are getting smaller day by day,positive,negative,0.6524300575256348,0.6524300575256348,0.34756988286972046
delivered cold fast food,negative,positive,0.652301013469696,0.34769898653030396,0.652301013469696
blueberry smoothie is full of syrup,negative,positive,0.6521157622337341,0.3478842079639435,0.6521157622337341
as a regular customer i got really disappointed on the fries the fries weren t fried some of those were raw as well the burger was amazing but really disappointed on the fries,negative,positive,0.6520641446113586,0.34793588519096375,0.6520641446113586
taki bhorta was not good as much as expected,positive,negative,0.651839554309845,0.651839554309845,0.3481604754924774
all the way,positive,negative,0.6516331434249878,0.6516331434249878,0.3483668565750122
meal is good but the delivery boy was so rude his behavior isn t good,negative,positive,0.651521623134613,0.34847837686538696,0.651521623134613
quantity seems lower than other times,negative,positive,0.6509033441543579,0.3490966558456421,0.6509033441543579
food takes a lot of time to prepare,negative,positive,0.6507564187049866,0.3492436110973358,0.6507564187049866
really expected a better quality of food from a restaurant as well known as star kabab the chicken that was in the biryani had very little meat in it and there was no salad given with the biryani,negative,positive,0.6506626009941101,0.3493373990058899,0.6506626009941101
packaging was not good items were spilled,positive,negative,0.6505976319313049,0.6505976319313049,0.34940242767333984
there was a problem with the meat,negative,positive,0.6505672335624695,0.34943273663520813,0.6505672335624695
take too much time to place order,positive,negative,0.650418221950531,0.650418221950531,0.3495818078517914
shop jea khea jy moja ta pai bt delivery doar por dkhi ata sompurno different me to purai upset holm maybe coffee ta onno kono bhire r tokhn theke ana,negative,positive,0.6503711342811584,0.34962889552116394,0.6503711342811584
amount onek kome geche,negative,positive,0.6503344178199768,0.34966564178466797,0.6503344178199768
bakhlava te gilling kom silo,positive,negative,0.6502988338470459,0.6502988338470459,0.3497011363506317
less oil would be better i believe,negative,positive,0.6501381993293762,0.3498618006706238,0.6501381993293762
the duck meat was good the quantity was also good but for giving food in polythene i gave less serving food in polythene plus paper bags is very unhygienic hopefully this place will be overcome,positive,negative,0.6500851511955261,0.6500851511955261,0.3499148488044739
ordered from box burger but food came from cafe twisted burg as well as the quantity is less according to the price,negative,positive,0.6498180627822876,0.3501818776130676,0.6498180627822876
amount of rice is not good,positive,negative,0.6498081088066101,0.6498081088066101,0.35019195079803467
delay too much,positive,negative,0.6497927904129028,0.6497927904129028,0.3502071499824524
the order was late,positive,negative,0.6494179368019104,0.6494179368019104,0.3505820631980896
voucher is not working it s too bad for us,positive,negative,0.6494138836860657,0.6494138836860657,0.3505861163139343
its so bad that i wanna give but that s not possible so i give,negative,positive,0.6493621468544006,0.35063791275024414,0.6493621468544006
the taste and quality of your food is always good ordered regularly chicken curry was missing in today s order got stone chips in food hope you will notice these things in the future good luck,negative,positive,0.6490471959114075,0.35095274448394775,0.6490471959114075
pls provide the receipt,negative,positive,0.6489769220352173,0.3510231375694275,0.6489769220352173
can i order the same using the voucher,negative,positive,0.6489077210426331,0.35109227895736694,0.6489077210426331
spicy is very high,negative,positive,0.6487837433815002,0.35121622681617737,0.6487837433815002
chicken curry er quantity onek kom vegetable tay boro ekta sausage chilo but shetar taste valo chilo na,positive,negative,0.64870285987854,0.64870285987854,0.3512970507144928
there was no mayonnaise or sauce late delivery the food was not bad,positive,negative,0.6486726999282837,0.6486726999282837,0.3513273596763611
ami ekti khichuri with rui fry niyesi khabar ta alhamdulilah valo silo bisesh kore rui fry dhonnbad apnder,positive,negative,0.6486450433731079,0.6486450433731079,0.3513549268245697
the nutty faluda was leaking almost all the ice cream got wasted masala chap was good,positive,negative,0.6486232280731201,0.6486232280731201,0.35137680172920227
chicken wasnt fresh,positive,negative,0.6485018730163574,0.6485018730163574,0.3514980673789978
god but they don t send coffee straw,negative,positive,0.6484520435333252,0.3515479564666748,0.6484520435333252
apni amr breakfast e ruti er shathe egg pose ta den nai,positive,negative,0.64841628074646,0.64841628074646,0.3515837788581848
well it was half okay other half almost empty,positive,negative,0.6483293771743774,0.6483293771743774,0.35167059302330017
the quantity is the least,negative,positive,0.6478608846664429,0.3521391451358795,0.6478608846664429
not bad and not so good,positive,negative,0.6478300094604492,0.6478300094604492,0.3521699905395508
we order smokey bbq beef cheese burger but i think we get beef cheese burger,negative,positive,0.6476987600326538,0.3523012697696686,0.6476987600326538
they prepare food after reaching there which is very much disturbing which is violeting the meaning of pick up they need to improve this otherwise food is good,negative,positive,0.6475894451141357,0.35241052508354187,0.6475894451141357
tikkas were burned but tastey,positive,negative,0.6475778222084045,0.6475778222084045,0.3524221181869507
salt wasn t perfect,positive,negative,0.6473563313484192,0.6473563313484192,0.3526436388492584
need to improve more,negative,positive,0.6469360589981079,0.3530639410018921,0.6469360589981079
why do they keep messing with the recipe the sandwich even they messed up,negative,positive,0.6468744277954102,0.3531256318092346,0.6468744277954102
chicken ta kemon jeno fresh laglo na,positive,negative,0.6467381715774536,0.6467381715774536,0.353261798620224
the food was good but the delivery man had no manner or patience and kept on ringing the bell after every second,negative,positive,0.6467339992523193,0.35326600074768066,0.6467339992523193
there was a dishwashing net inside the glass,negative,positive,0.6465933322906494,0.3534066677093506,0.6465933322906494
shahi badam sharbat s quality degraded a lot,negative,positive,0.6462708711624146,0.35372915863990784,0.6462708711624146
the diet was not good it felt like sand while eating everything else is fine,positive,negative,0.6460776329040527,0.6460776329040527,0.35392236709594727
the nasi goreng was wayyyy too spicy omg i couldn t eat it,positive,negative,0.6459065675735474,0.6459065675735474,0.3540934920310974
i choose regular chicken fry but they have sent spicy chicken fry it was so spicy,positive,negative,0.6458298563957214,0.6458298563957214,0.35417014360427856
they used to provide a ketchup from a company but now they give pran tomato sauce doesn t go with the burgers and chicken tho but except that bfc is the og,positive,negative,0.6457148790359497,0.6457148790359497,0.3542851209640503
like the food can be bought since i did not ask to give a spoon it would have been better not to give it bought chicken manchurian with fried rice,positive,negative,0.6455698609352112,0.6455698609352112,0.3544301390647888
wanted a bit spicy flavor but was not spicy as expected,negative,positive,0.6452295184135437,0.3547704815864563,0.6452295184135437
need more salt and minced meat in the soup,negative,positive,0.6452032923698425,0.35479673743247986,0.6452032923698425
i order a chicken classic burger regular with more sauce and spicy but it was kinda sweet and the sauce was a little bit the bun was not that good i am really depressed with this order,negative,positive,0.6450037360191345,0.3549962639808655,0.6450037360191345
rice quality is dropped,positive,negative,0.6448823809623718,0.6448823809623718,0.3551176190376282
matha ure gese,positive,negative,0.6448798775672913,0.6448798775672913,0.35512006282806396
the delivery time was too long then the expected time,negative,positive,0.644754946231842,0.35524505376815796,0.644754946231842
i wanted a leg piece but they didn t give me one,positive,negative,0.6446695923805237,0.6446695923805237,0.3553304076194763
the pizza was good but it became hard when it got too cold the sauce and the cheese were too low,negative,positive,0.6443041563034058,0.3556958734989166,0.6443041563034058
kindly improve the packaging and increase a bit quantity of fried rice as you charge a big amount of money including bla bla unnecessary extra fees you should increase the portion of food too,negative,positive,0.643663227558136,0.3563367426395416,0.643663227558136
it was not right to give any other sauce instead of kazi farm s chili sauce the size is perfect,positive,negative,0.6430969834327698,0.6430969834327698,0.35690298676490784
fries served alongside sandwich was good sandwich had little ingredients tasted way too much bread but it was nice the mushroom soup is disastrous felt like milk and salt regret buying,negative,positive,0.6430637836456299,0.3569362461566925,0.6430637836456299
this is so awu,positive,negative,0.6425151228904724,0.6425151228904724,0.3574848473072052
quality decrease and delivery time increased,negative,positive,0.6425127387046814,0.35748720169067383,0.6425127387046814
please improve your cold coffee,positive,negative,0.6424962282180786,0.6424962282180786,0.35750383138656616
but can t provide extra meyo it s very disappointing,positive,negative,0.6422867774963379,0.6422867774963379,0.3577131927013397
anything but kacchi,negative,positive,0.6422037482261658,0.35779619216918945,0.6422037482261658
the food was good but no salad was served salad must be served with this meal and the eggs were not peeled well the authorities should be more careful about this,negative,positive,0.642131507396698,0.3578685522079468,0.642131507396698
burger was ok but french fries seem to have disappeared why do you no longer offer meals on the foodpanda platform disappointing that options are limited,positive,negative,0.6420642733573914,0.6420642733573914,0.35793575644493103
the pizza tasted good but the problem was all the topping got thrown out at one corner i don t know why,negative,positive,0.6420533657073975,0.3579466938972473,0.6420533657073975
i will never ever,negative,positive,0.6420425176620483,0.35795748233795166,0.6420425176620483
everything was good that i ordered but please urging you people again do not use palm oil use soyabean oil palm oil is not healthy times worse than soybean oil and it blocks heart quickly,positive,negative,0.6419423818588257,0.6419423818588257,0.35805758833885193
need to improve the test quality,negative,positive,0.6419241428375244,0.358075886964798,0.6419241428375244
feel lime i m eating naan roti with cheese topping,negative,positive,0.6417655944824219,0.35823434591293335,0.6417655944824219
pasta was yummm but portions are too low,positive,negative,0.6417620778083801,0.6417620778083801,0.35823798179626465
the portion was a bit small but ig this is social media haha overall not bad wrote beef and chicken but gave only chicken,positive,negative,0.6416665315628052,0.6416665315628052,0.3583334982395172
the sauce packet was broken,positive,negative,0.6414132714271545,0.6414132714271545,0.35858672857284546
chicken dum biryani ta oto ta valo chilo na but the burger was good,negative,positive,0.6413866877555847,0.35861334204673767,0.6413866877555847
food was good but quantity was very poor,negative,positive,0.6410399675369263,0.35896003246307373,0.6410399675369263
khawar ta quality valo chelo na disappoint hoilam,negative,positive,0.6410343647003174,0.35896557569503784,0.6410343647003174
everything was proper and good except one thing if you work on it burgers will be very good the mayo in the burgers were very blunt and almost tasteless jodi mayo er taste ta baran tailonek bhalo,positive,negative,0.6409181952476501,0.6409181952476501,0.35908183455467224
food are testy but never got noly but it shown on picture i m so disappointed,negative,positive,0.6406885385513306,0.3593115210533142,0.6406885385513306
not bad but the chicken size is very small,negative,positive,0.6404269337654114,0.35957300662994385,0.6404269337654114
ordered peshwari paratha with grilled chicken nan awesome but got normal paratha,positive,negative,0.6403401494026184,0.6403401494026184,0.3596598207950592
the pizza was stuck to the baking paper underneath taste wise it s value for money if you re getting off otherwise no,negative,positive,0.6401852965354919,0.35981467366218567,0.6401852965354919
it used to be better,positive,negative,0.640166163444519,0.640166163444519,0.35983380675315857
the amount of rice was less than before,positive,negative,0.6398769021034241,0.6398769021034241,0.36012306809425354
i requested not to give leg i wish you would accept my request been having bfc food for years,positive,negative,0.6398661136627197,0.6398661136627197,0.3601338863372803
the food was good but the tokwads sweet and it wasn t sour or spicy it felt like juice and the delivery took more than hour,negative,positive,0.6396504044532776,0.3603495955467224,0.6396504044532776
the sausage pasta was too dry generally it would have tasted way better if it had a lil bit gravy tastewise not too bad,positive,negative,0.6392976641654968,0.6392976641654968,0.36070239543914795
i have ordered sonali chicken curry one korola bhaji one laal shaak bhaji and rice and received chicken curry types of shak bhaji and one pabda fish curry why,positive,negative,0.6392486095428467,0.6392486095428467,0.36075136065483093
you took a lot of time bro,negative,positive,0.6391342878341675,0.3608657717704773,0.6391342878341675
all over goof,positive,negative,0.6391021013259888,0.6391021013259888,0.3608979284763336
the gravy they provided was less in quantity,positive,negative,0.6390934586524963,0.6390934586524963,0.36090657114982605
shrimp part was not good and the dough was raw but other three parts tasted good,positive,negative,0.6390815377235413,0.6390815377235413,0.36091846227645874
dim ordek chilo,negative,positive,0.6389800310134888,0.36101996898651123,0.6389800310134888
food was ok but i got bugs in the pizzas box s,negative,positive,0.6389303803443909,0.36106958985328674,0.6389303803443909
i have been ordering their food on foodpanda since and have not been disappointed yet pizza dine is love,positive,negative,0.6382692456245422,0.6382692456245422,0.36173078417778015
quantity of rice was not enough,positive,negative,0.6382421255111694,0.6382421255111694,0.3617578446865082
i thought kacci darbar would be good but i was wrong their quantity was too less then others,negative,positive,0.6381073594093323,0.36189258098602295,0.6381073594093323
taste was average oily food,positive,negative,0.6378926634788513,0.6378926634788513,0.3621073365211487
i do not get any potato really bad,positive,negative,0.6378136277198792,0.6378136277198792,0.36218637228012085
foodpanda prices are much higher than their restaurants,negative,positive,0.6377480626106262,0.3622519075870514,0.6377480626106262
fried rice er chicken onnek baaje,negative,positive,0.6373642683029175,0.3626357316970825,0.6373642683029175
overall taste was but many fuchka were cooked burned and few were broken,positive,negative,0.6370036005973816,0.6370036005973816,0.3629963994026184
youtuber bangladesh food reviewer er latest food vlog video dekhe order korechilam ta burger video te chick got fried burger er patty besh boro chilo but amar order er patty choto but taste good,positive,negative,0.6369665861129761,0.6369665861129761,0.36303335428237915
ajker noodles ta onek kharappp chillo,negative,positive,0.6358705759048462,0.3641294240951538,0.6358705759048462
ordered a tahari from kashmiri biryani house the food was really good but i asked to bring salam home the delivery man didn t do it that s bad,positive,negative,0.6358312964439392,0.6358312964439392,0.3641687333583832
not bad not so good either tasty treat is kinda average,positive,negative,0.6358204483985901,0.6358204483985901,0.3641795516014099
meal price is too much kindly try to reduce the price,negative,positive,0.6357330083847046,0.3642669916152954,0.6357330083847046
jorda valo chilo na baki ok,positive,negative,0.6355516314506531,0.6355516314506531,0.3644483983516693
costly according to size,negative,positive,0.6352496147155762,0.3647504448890686,0.6352496147155762
chicken test was not good but all meal is good,positive,negative,0.6352353096008301,0.6352353096008301,0.3647647202014923
not bad bt also bad,negative,positive,0.6352114081382751,0.36478865146636963,0.6352114081382751
i m eating biryani of rupees from new market,negative,positive,0.6351147294044495,0.36488524079322815,0.6351147294044495
dum biriyani was too goog but polau are too oily and chekan is not fresh,positive,negative,0.6349537968635559,0.6349537968635559,0.3650462329387665
their bbq pasta was too sweet,negative,positive,0.6349419355392456,0.3650580048561096,0.6349419355392456
we got extra food,positive,negative,0.6348196268081665,0.6348196268081665,0.3651803731918335
beef cheese burger seemed drier in comparison than the ones i ordered before,positive,negative,0.6346983909606934,0.6346983909606934,0.36530157923698425
it s not actually hakka the bowl was not bad at all,positive,negative,0.634455144405365,0.634455144405365,0.365544855594635
tommy yum soup was shit if they don t know how to cook they shouldn t include in the menu just shittt but cashewnut salad was awesome it proves tht they dont know tommy yum soup plz take care,negative,positive,0.6343239545822144,0.36567604541778564,0.6343239545822144
ekta sause chilo just duita pizza er jonno pizza er test valo chilo incher pizza,positive,negative,0.6342675089836121,0.6342675089836121,0.3657325208187103
motamuti chilo chicken cheese pasta ta arektu cheeses dile besi vhalo lagto,negative,positive,0.634257435798645,0.3657424747943878,0.634257435798645
everything was good except beef chili onion it was not cooked properly couldn t eat,negative,positive,0.6337863206863403,0.36621373891830444,0.6337863206863403
quantity too less,positive,negative,0.633783221244812,0.633783221244812,0.366216778755188
quantity is not enough according to price,positive,negative,0.6336131691932678,0.6336131691932678,0.36638686060905457
panshi never disappointed me,positive,negative,0.6334969997406006,0.6334969997406006,0.366502970457077
chickpea salad is great but they decided to reduce the amount by half or more that is why i m giving star very disappointed,negative,positive,0.6333426237106323,0.3666573166847229,0.6333426237106323
the pizza is too much salty the taste was good but could have been better compared to the hype this restaurant has,negative,positive,0.6331751942634583,0.36682480573654175,0.6331751942634583
food taste was good but behavior of delivery person was not good,negative,positive,0.6331227421760559,0.3668772876262665,0.6331227421760559
quality deceased maintain the food quality taste ensure the value for money,negative,positive,0.6330472826957703,0.36695268750190735,0.6330472826957703
less quantity than usual,negative,positive,0.6327716112136841,0.36722835898399353,0.6327716112136841
fuchka was over fried tok jhal water is less tok and less quantity overall taste is ok,positive,negative,0.6325233578681946,0.6325233578681946,0.3674766421318054
burger was good but not so and they gave me a small packat thats why the burger is melted,negative,positive,0.6321935653686523,0.36780640482902527,0.6321935653686523
price too high than taste and serving,negative,positive,0.6320319175720215,0.3679681122303009,0.6320319175720215
first time ordering from here but in shaa allah not the last nailed it,positive,negative,0.6320258975028992,0.6320258975028992,0.36797410249710083
delivery man can t find the address ice cream ekhono khulini tai review dite parlamna,positive,negative,0.6320080757141113,0.6320080757141113,0.3679918646812439
khabar vlo but wings tk too mich high,negative,positive,0.6319467425346375,0.36805325746536255,0.6319467425346375
the last time i ordered an oxtail stew it was one of the best dishes i ve had but this time it seriously lacked before it had huge juicy mushrooms with tender meat but now i got only meat no mush,negative,positive,0.631815493106842,0.36818447709083557,0.631815493106842
the choco eclairs seemed a little stale,positive,negative,0.6316869258880615,0.6316869258880615,0.3683130443096161
sealing should improve,positive,negative,0.6316865682601929,0.6316865682601929,0.36831343173980713
you will understand after the meal,positive,negative,0.6314535737037659,0.6314535737037659,0.36854639649391174
where is my kechari brother,positive,negative,0.6312972903251648,0.6312972903251648,0.36870262026786804
always deliver late,negative,positive,0.6308714151382446,0.36912861466407776,0.6308714151382446
we had to cook more food since their rice portion was enough for just one person,negative,positive,0.6305224299430847,0.3694775402545929,0.6305224299430847
not bad as its price its good at this price you can t expect any better overall not bad you get what you pay,positive,negative,0.6302762031555176,0.6302762031555176,0.3697238266468048
genius absolutely genius,positive,negative,0.6297904253005981,0.6297904253005981,0.37020963430404663
food quantity is getting less day by day,positive,negative,0.6294376850128174,0.6294376850128174,0.370562344789505
the grilled fish tasted like it was fried in a sweet pancake batter strangest grilled fish ever,negative,positive,0.6290766000747681,0.3709234297275543,0.6290766000747681
not bad told them to give gravy they dont,positive,negative,0.6290255784988403,0.6290255784988403,0.37097442150115967
o sadaron hoise khaber ta,positive,negative,0.6289458274841309,0.6289458274841309,0.37105411291122437
meal as good but jorda was only one full spoon how do they serve such portion,negative,positive,0.6289097666740417,0.37109023332595825,0.6289097666740417
please learn first how to make naga drums,negative,positive,0.6288586258888245,0.37114137411117554,0.6288586258888245
salad ta improve kora uchit,negative,positive,0.6286192536354065,0.3713807463645935,0.6286192536354065
the taste was good but the mayo got spilled and seeing fries open is dissatisfying hence the packaging needs to be improved,negative,positive,0.6283649802207947,0.3716350197792053,0.6283649802207947
chicken size as small price,negative,positive,0.6283595561981201,0.3716404438018799,0.6283595561981201
soup had less chicken,positive,negative,0.6281358003616333,0.6281358003616333,0.3718641996383667
out of stock always available,negative,positive,0.627711832523346,0.37228813767433167,0.627711832523346
pizza pasta were smashed maybe it was due to delivery,positive,negative,0.627625048160553,0.627625048160553,0.372374951839447
packing are not good i was expecting better quality as per price hope they improve packing and food quality,negative,positive,0.6272059082984924,0.37279409170150757,0.6272059082984924
beef tasted like tires,negative,positive,0.6270399689674377,0.37296000123023987,0.6270399689674377
didn t provide cutlery i needed that,positive,negative,0.6268598437309265,0.6268598437309265,0.3731401264667511
expected a lot of meat but instead got a lot potato wedges,positive,negative,0.6267097592353821,0.6267097592353821,0.37329018115997314
extra sugar in cold coffee,positive,negative,0.6253532767295837,0.6253532767295837,0.37464669346809387
wing size small,positive,negative,0.6252827048301697,0.6252827048301697,0.37471720576286316
it was good but why so many bones meat with fewer bones,negative,positive,0.6249358057975769,0.3750641644001007,0.6249358057975769
nuggets wasn t good chicken fry was good,positive,negative,0.6247861981391907,0.6247861981391907,0.37521377205848694
wings was good but not so hot n french fries are cold and soft not crispy,negative,positive,0.6246803998947144,0.37531962990760803,0.6246803998947144
fish vorta poriman kom silo alu vorta balo silo,negative,positive,0.6246416568756104,0.37535831332206726,0.6246416568756104
home khichuri nothing special,negative,positive,0.6246259808540344,0.3753740191459656,0.6246259808540344
it would be better to give the soup in a box utensil not provided even after request i couldn t understand how to feed soup from the mud to the patient in the hospital,positive,negative,0.624558687210083,0.624558687210083,0.37544122338294983
i requested to give more green chilli but like alwz they gave only one green chilli in the biriyani,positive,negative,0.6241380572319031,0.6241380572319031,0.3758619427680969
was expecting a breast size chicken but got a leg piece and french fries could have been more asked for a bread bun and got a small bread need to improve a bit more,negative,positive,0.6240183711051941,0.3759815990924835,0.6240183711051941
can t follow specific instructions,negative,positive,0.6240118145942688,0.3759881854057312,0.6240118145942688
valo poriman kom,negative,positive,0.6239737272262573,0.37602630257606506,0.6239737272262573
salty and spicy super expensive,negative,positive,0.6232262253761292,0.37677380442619324,0.6232262253761292
khepapuri is not bad the size of moghlai is quite small,positive,negative,0.6228375434875488,0.6228375434875488,0.37716248631477356
it was not bad but not good as expected,negative,positive,0.6227990984916687,0.3772009015083313,0.6227990984916687
too much raw pepper on the vegetable soup wonton was very good though,positive,negative,0.622727632522583,0.622727632522583,0.3772723376750946
i was ordering soup vegetables rumali roti and a silky side what can i say was very funny i will eat again inshallah,positive,negative,0.6226478219032288,0.6226478219032288,0.37735220789909363
new zaman fans on the opposite side of new market are from that school life today after many days i ordered polao roast mix vegetables it s our old days incomparable in taste not a bit changed always,positive,negative,0.6225390434265137,0.6225390434265137,0.37746092677116394
gave stars because kachchi was good as always but instead of pieces of mutton pieces of potato and one piece of mutton were given hope this mistake will not happen again in the future,positive,negative,0.6224005222320557,0.6224005222320557,0.37759944796562195
despite giving instructions to provide chicken leg pc brest pc was provided rest all ok,negative,positive,0.6219850778579712,0.3780149817466736,0.6219850778579712
please avoid coriander,positive,negative,0.6218399405479431,0.6218399405479431,0.3781600594520569
delivered in wrong place after hr since ordered food quality was good advised to maintain timing,negative,positive,0.621743381023407,0.37825655937194824,0.621743381023407
not too good not bad but they don t concentrate on the notes that customers write to add,negative,positive,0.6217175722122192,0.37828245759010315,0.6217175722122192
its not bad,negative,positive,0.6216821670532227,0.37831783294677734,0.6216821670532227
ordered thai soup quality quantity is fair enough,positive,negative,0.6216673254966736,0.6216673254966736,0.3783326745033264
meat and pulses were less,positive,negative,0.6214796304702759,0.6214796304702759,0.37852033972740173
their ginger tea and soup was what i needed to recover from flu,positive,negative,0.6211385726928711,0.6211385726928711,0.3788613975048065
expectations were high,negative,positive,0.6210837364196777,0.37891629338264465,0.6210837364196777
gostu always bura gorur gostu dai mone hoi,negative,positive,0.6210557222366333,0.3789442777633667,0.6210557222366333
the service is good or not the menu was one and the other i don t know what restaurant foodpanda is adding,negative,positive,0.620772123336792,0.3792279064655304,0.620772123336792
but the service was worst,positive,negative,0.6207666397094727,0.6207666397094727,0.3792334496974945
i have marked cake need put wishes language but no have a little sad,positive,negative,0.6206797361373901,0.6206797361373901,0.37932026386260986
brother i asked for food but now the food does not come,positive,negative,0.6206719875335693,0.6206719875335693,0.37932804226875305
the taste was good but they have to figure out a better way to deliver cuz the cream and the fillings were completely out of the waffle and even spilled inside the bag,positive,negative,0.6200381517410278,0.6200381517410278,0.37996184825897217
ordered soup get fresh warm water,negative,positive,0.6198318004608154,0.3801681697368622,0.6198318004608154
the chicken chow mein is okay type not as good as everyone mentioned in previous,positive,negative,0.6197909116744995,0.6197909116744995,0.3802090585231781
thai soup ta motamoti chilo,negative,positive,0.6196497082710266,0.3803503215312958,0.6196497082710266
we were saying they didn t give it,positive,negative,0.6195589900016785,0.6195589900016785,0.3804410696029663
not satisfied with the taste and the food was cold but i love the cake,negative,positive,0.6195027828216553,0.3804972469806671,0.6195027828216553
many thanks for the bones and fat,negative,positive,0.6194889545440674,0.38051098585128784,0.6194889545440674
quantity quality needs improvement,negative,positive,0.6194069385528564,0.38059303164482117,0.6194069385528564
they have reduced the size of their boxes and price is also high comparing the size,negative,positive,0.6191155910491943,0.38088443875312805,0.6191155910491943
onk beshi time legeche cook korte ar khabar temon ekta vlo chilo n,negative,positive,0.6190183162689209,0.3809817135334015,0.6190183162689209
today it was a bit smelly,positive,negative,0.6190001368522644,0.6190001368522644,0.38099992275238037
there were eggs so rating,positive,negative,0.6189649105072021,0.6189649105072021,0.38103508949279785
i request leg piece but provide breast piece in tehari only pcs meat there,positive,negative,0.6185553669929504,0.6185553669929504,0.38144466280937195
meal box was exchanged,negative,positive,0.6184533834457397,0.38154661655426025,0.6184533834457397
ordered chicken sub chicken quantity needs to be more,positive,negative,0.6183344125747681,0.6183344125747681,0.38166555762290955
i asked for one red velvet and one nutella pls change it now,negative,positive,0.6180881857872009,0.38191184401512146,0.6180881857872009
heard a lot about the food of this place but it didn t match the expectations,negative,positive,0.6180621981620789,0.3819378614425659,0.6180621981620789
porata kom vaza,positive,negative,0.6176498532295227,0.6176498532295227,0.3823501169681549
packaging is not appropriate,positive,negative,0.6175820827484131,0.6175820827484131,0.3824179470539093
khabar ank fresh silo ank din por kothao mone motoh sub sandwich peyesi,positive,negative,0.6174476742744446,0.6174476742744446,0.3825523853302002
test was good but the quantity was poor,negative,positive,0.6167601346969604,0.38323989510536194,0.6167601346969604
ordered crispy chicken chowmein bowl tbh the crispy chicken is a little bit plain the chowmein is good not bad and the first bites were good but at last i was struggling to finish overall,negative,positive,0.6163579225540161,0.3836421072483063,0.6163579225540161
kacchi taste is downgrading day by day,negative,positive,0.6159294247627258,0.38407060503959656,0.6159294247627258
food taste and quality is good but expensive not worth the money it charged,positive,negative,0.6156666874885559,0.6156666874885559,0.3843333125114441
expected better taste but bhalo chilo na taste,negative,positive,0.6156545877456665,0.3843454122543335,0.6156545877456665
manso ta motamuti valo kintu cup ferni den nai khubi dukkhojonok,negative,positive,0.6155920624732971,0.3844078779220581,0.6155920624732971
the food was good but the delivery man was late and there were chicken wings when there were supposed to be chicken wings,negative,positive,0.615566611289978,0.3844333589076996,0.615566611289978
last din kitha dila ar ajke kitha roastt or pic diyea jhaal fry dila ta ow pieces onk chuto peace last dila akhni type r ajke kichurir je obostha,negative,positive,0.6154147982597351,0.3845852017402649,0.6154147982597351
the quantity is less than before,positive,negative,0.6154003143310547,0.6154003143310547,0.3845997154712677
you can t go wrong with takeout burgers,positive,negative,0.6153813004493713,0.6153813004493713,0.38461869955062866
please send the person who had a clear knowledge about the location,positive,negative,0.615039587020874,0.615039587020874,0.384960412979126
they need to work on their mustard sauce,negative,positive,0.6150301098823547,0.3849698603153229,0.6150301098823547
wrap was good but quantity of fries is very poor,negative,positive,0.6150267720222473,0.3849731981754303,0.6150267720222473
didn t include salad with the main dishes,positive,negative,0.6149449348449707,0.6149449348449707,0.3850550651550293
beef patty khun thin ektu thick koren,positive,negative,0.6149235963821411,0.6149235963821411,0.3850763738155365
shahi dum biryani been tehari weren t that good,negative,positive,0.6146785616874695,0.3853214383125305,0.6146785616874695
bestest cold coffee please never compromise with the quality,positive,negative,0.6142449378967285,0.6142449378967285,0.38575509190559387
everytime we order the size of the boxes decrease,negative,positive,0.6140144467353821,0.38598546385765076,0.6140144467353821
not bad but quantity is very cheap,negative,positive,0.6139412522315979,0.3860587477684021,0.6139412522315979
stock was out,positive,negative,0.6139085292816162,0.6139085292816162,0.3860915005207062
they said it came with kebabs it didn t rest was good,positive,negative,0.6138846278190613,0.6138846278190613,0.38611531257629395
bi dim koi ar salat koi,positive,negative,0.6138797402381897,0.6138797402381897,0.3861202001571655
sub sandwich portion was small,positive,negative,0.6138396263122559,0.6138396263122559,0.38616034388542175
the chicken tikka was nice but the portion was very less takai piece is way too less butter chicken was so so meat was tender,positive,negative,0.6137613654136658,0.6137613654136658,0.38623860478401184
never ordering again for sure,negative,positive,0.6136848330497742,0.3863151967525482,0.6136848330497742
duck pieces were too small,negative,positive,0.6136175394058228,0.38638249039649963,0.6136175394058228
rice amount is too less,positive,negative,0.6131368279457092,0.6131368279457092,0.38686323165893555
taste needs improvement,negative,positive,0.6128888130187988,0.38711118698120117,0.6128888130187988
the meal was pretty good but we got our food spilled and damaged,positive,negative,0.6123737692832947,0.6123737692832947,0.3876262307167053
quantity was not enough as per price,positive,negative,0.6123483777046204,0.6123483777046204,0.38765162229537964
price is high chicken polao should be at without egg,positive,negative,0.6122798919677734,0.6122798919677734,0.38772010803222656
neither bad nor great it was meh,positive,negative,0.6119803190231323,0.6119803190231323,0.3880196809768677
all of the items were smashed,negative,positive,0.6113520264625549,0.38864800333976746,0.6113520264625549
didn t provide any spoon food was ok,positive,negative,0.6110939979553223,0.6110939979553223,0.3889060616493225
unexpected i thought they will give only pieces per kg but they give it was so satisfactory for us,positive,negative,0.6110565066337585,0.6110565066337585,0.38894346356391907
not to bad and not too good cucumber kom add korben next time and mayo ta balance korte hobe meat and fries soman dile bit a vlo ashbe tnq for serving i guess you will be notice my note its helps you,negative,positive,0.6106662154197693,0.3893338441848755,0.6106662154197693
the food is good the quantity is small the crab for taka is so small,negative,positive,0.6105640530586243,0.38943594694137573,0.6105640530586243
fried rice had tasted but the burger didn t too much good,positive,negative,0.6101458072662354,0.6101458072662354,0.38985419273376465
nothing special but okay,negative,positive,0.6098098754882812,0.39019009470939636,0.6098098754882812
spicy aro ektu howa uchit chilo cheese kom chilo,negative,positive,0.6096890568733215,0.39031094312667847,0.6096890568733215
please stop giving diluted water to people in the name of dal,negative,positive,0.6090565919876099,0.39094337821006775,0.6090565919876099
the food was scrumptious tastewise i would rate it portion wise i would rate it price wise please try to make a little more hastey delivery the minutes went to mins,positive,negative,0.6089961528778076,0.6089961528778076,0.3910037875175476
found a piece of plastic in my last chicken momo but the taste was good,negative,positive,0.6089449524879456,0.3910549581050873,0.6089449524879456
overall vloie but chicken biryani te dim missing cilo ar salad,negative,positive,0.6082523465156555,0.3917475938796997,0.6082523465156555
soo spicy and taste is little bit different may be because of too much ginger,negative,positive,0.607890784740448,0.392109215259552,0.607890784740448
fuska seii silo naga fuska,positive,negative,0.6078517436981201,0.6078517436981201,0.39214831590652466
i don t even remember how many times i have ordered from here but this time i did not like the basmati rice with chicken korma at all malai chicken biryani ta was fun,negative,positive,0.6076684594154358,0.3923315703868866,0.6076684594154358
they didn t provide any sauce with the sandwich taste was okay as always,positive,negative,0.6076346039772034,0.6076346039772034,0.39236539602279663
take too many times,negative,positive,0.6076263785362244,0.39237356185913086,0.6076263785362244
meal was good but as it was a pick up order they didn t provide any bag to carry they just wrapped the box in a polybag and tied it with a lace which is hard to carry on bike or bicycle,negative,positive,0.6073403358459473,0.3926597237586975,0.6073403358459473
bxpress any day,positive,negative,0.6073026061058044,0.6073026061058044,0.3926973342895508
discount er option rakheni ekta spicy arekta very spicy chilo but tai spicy diyeche,negative,positive,0.6071670651435852,0.3928329646587372,0.6071670651435852
i was ordering garlic chicken as usual very funny but the price is getting upset,positive,negative,0.6070223450660706,0.6070223450660706,0.39297765493392944
the shawarmas were really small and definitely not worth the price the shawarmas you get tk a piece are way better,negative,positive,0.6067798137664795,0.39322027564048767,0.6067798137664795
should mention stock out before,negative,positive,0.6066951155662537,0.3933049738407135,0.6066951155662537
the sweet was good but you ve provided the wrong product i had ordered mixed dal but you ve provided mixed chira,negative,positive,0.6066053509712219,0.3933946192264557,0.6066053509712219
sausage was a bit dry and coleslaw wasn t tasty at all,negative,positive,0.606469988822937,0.3935299813747406,0.606469988822937
it wasn t hot enough though it was just mins after when i placed my order but the quality was good should try once,positive,negative,0.6063234210014343,0.6063234210014343,0.3936765789985657
i would like to confirm and inform that i haven t collected my pick up food as i was bit far away and later on die to offcc work i forgot to collect that please advise which can be done for this,negative,positive,0.6062599420547485,0.39374008774757385,0.6062599420547485
i gave pickup chocolate waffles it would be better to give a tissue there are not many order options online hope to add in the future,positive,negative,0.6061597466468811,0.6061597466468811,0.3938402533531189
the mill was stunning but the experience was gross,negative,positive,0.6061501502990723,0.3938498795032501,0.6061501502990723
its sultan s dinner you get what you expect,positive,negative,0.6056132912635803,0.6056132912635803,0.3943866491317749
biryani was good but i also ordered yogurt the payment was made why didn t the yogurt come if there is no yogurt the money was supposed to be returned or,positive,negative,0.6052687168121338,0.6052687168121338,0.3947312533855438
revenge is best served cold overly salty and definitely not fresh disappointing set menu dinner for my family,negative,positive,0.6048957109451294,0.39510422945022583,0.6048957109451294
burger s bun could have been better sharma s test was not good at all although the price was exorbitant,positive,negative,0.6048579812049866,0.6048579812049866,0.3951421082019806
food taste was good but packaging was worst burger sub shape becaame due to pack in paper packet chicken qty was very less in sub,negative,positive,0.6047369837760925,0.3952629864215851,0.6047369837760925
not too bad,negative,positive,0.6046180725097656,0.3953819274902344,0.6046180725097656
corn soup was sweet as if they added sugar prawn roll had tiny bit of prawn and rest is bread business idea genius,negative,positive,0.6043869256973267,0.39561307430267334,0.6043869256973267
food was saltier,negative,positive,0.6042917966842651,0.39570823311805725,0.6042917966842651
soup ta vlo chilo but chicken fry vlo hoi nai,negative,positive,0.6040156483650208,0.39598438143730164,0.6040156483650208
neither bad nor good,positive,negative,0.6040074825286865,0.6040074825286865,0.39599257707595825
the chomping was too spicy,positive,negative,0.6035200953483582,0.6035200953483582,0.39647987484931946
vegetable roll r missing otherwise good,positive,negative,0.6028519868850708,0.6028519868850708,0.3971479833126068
the waffle size is so small,positive,negative,0.6028458476066589,0.6028458476066589,0.3971542418003082
hot chicken fry was too short,negative,positive,0.6026821136474609,0.39731794595718384,0.6026821136474609
rice were more cooked today,positive,negative,0.6024547815322876,0.6024547815322876,0.39754518866539
the size of the chicken is getting smaller awkward,negative,positive,0.6024120450019836,0.39758801460266113,0.6024120450019836
its too much resty,positive,negative,0.6018418669700623,0.6018418669700623,0.39815816283226013
not as expected but had fun to eat,positive,negative,0.6014506220817566,0.6014506220817566,0.3985493779182434
they said the code was wrong although we showed them the number then the head came and solved the problem,positive,negative,0.6013345718383789,0.6013345718383789,0.3986654579639435
the salt in the pizza is less this time,positive,negative,0.6009922623634338,0.6009922623634338,0.39900773763656616
after seeing reviews or actually i ve heard sort of things about this restaurants but after ordering few times actually it s not bad quantity is average by the range or cost of the food items,positive,negative,0.6009865999221802,0.6009865999221802,0.3990134298801422
khichuri erukom shukna deya uchit naah arektu jhol baray diben,positive,negative,0.6007471084594727,0.6007471084594727,0.39925289154052734
ordered from the voucher offer sold out and died with my voucher tea and goa,negative,positive,0.6005724668502808,0.39942753314971924,0.6005724668502808
small portion size,positive,negative,0.600435733795166,0.600435733795166,0.3995642364025116
less quantity need to improve next time other wise fnck,negative,positive,0.6002932786941528,0.39970675110816956,0.6002932786941528
peri peri wings were very dry,positive,negative,0.6002140045166016,0.6002140045166016,0.39978599548339844
to delivered an order took more than hr,negative,positive,0.6001023650169373,0.39989760518074036,0.6001023650169373
vitore kicue nai temon onno jaigai o khaice but oikhane valo cilo,negative,positive,0.5996537804603577,0.4003462493419647,0.5996537804603577
all the broth was added to my biryani,negative,positive,0.5996077060699463,0.4003922939300537,0.5996077060699463
food is not bad but nothing special compared to the high price,negative,positive,0.5994765758514404,0.4005233347415924,0.5994765758514404
beef khichuri order chilo jodi piece o beef dito mon k shanti dite partam sob haddi how could they do this taste valo e chilo,negative,positive,0.5993623733520508,0.4006376266479492,0.5993623733520508
the fried rice was under cooked chicken fry and vegetables were decent,negative,positive,0.5992649793624878,0.400735080242157,0.5992649793624878
delivery ok chikcen quality not upto mark other items are good,positive,negative,0.5991870760917664,0.5991870760917664,0.40081289410591125
some were okay but others were worst,negative,positive,0.5991084575653076,0.4008914828300476,0.5991084575653076
food quality drops,negative,positive,0.59893798828125,0.4010619819164276,0.59893798828125
daam onek bere gese,negative,positive,0.5984370708465576,0.4015629291534424,0.5984370708465576
change the chef you idiotas,negative,positive,0.5984150767326355,0.4015849530696869,0.5984150767326355
food is good but items are missing,negative,positive,0.5982769131660461,0.40172308683395386,0.5982769131660461
overhyped french fries were too soft to eat,negative,positive,0.598228931427002,0.40177106857299805,0.598228931427002
taste is good but quantity is too much poor according to price,negative,positive,0.5978586077690125,0.40214136242866516,0.5978586077690125
cinema hall chips,positive,negative,0.597820520401001,0.597820520401001,0.4021795094013214
taste was ok but i requested for extra gravy which they didn t provide and there was no salad there was more bone than meat and fat,negative,positive,0.5975757241249084,0.4024242162704468,0.5975757241249084
delevey was extremely late,positive,negative,0.5975315570831299,0.5975315570831299,0.40246841311454773
sob thik ase akta kacha morich dile valo hoto,positive,negative,0.5974364280700684,0.5974364280700684,0.40256354212760925
delivery time so long,negative,positive,0.5973413586616516,0.4026586711406708,0.5973413586616516
the portion was less i couldn t understand if it was actually chicken inside the burger or something else overall it was okay,negative,positive,0.5972869396209717,0.4027130603790283,0.5972869396209717
chicken drumstick piece is small,positive,negative,0.5966900587081909,0.5966900587081909,0.4033098816871643
its chicken roast come chicken jhalfry roast,positive,negative,0.5966755151748657,0.5966755151748657,0.4033244848251343
usually pizza inn er pizza valo lage but this time eta valo cilo na but direct pizza inn theke nile sauce n all that decorations valo thake ajk mone holo ata khelam,negative,positive,0.5966196060180664,0.4033803641796112,0.5966196060180664
took way much time,positive,negative,0.5965033769607544,0.5965033769607544,0.403496652841568
everything had way too much pepper and a spicy flavor even the alfredo from the kids menu had too much pepper so it was too spicy for my son the steak meat was like a chewy burger,negative,positive,0.5962086319923401,0.4037913978099823,0.5962086319923401
porota gulo khuubi bajhe chilo,negative,positive,0.5960544943809509,0.4039455056190491,0.5960544943809509
beef rezala onek beshi jhal,negative,positive,0.5958780646324158,0.40412190556526184,0.5958780646324158
i ordered potato fillings less it felt good to eat at the restaurant the day i ordered chuizal meat the salt was too much a little,negative,positive,0.5958164930343628,0.40418341755867004,0.5958164930343628
the food was a little cold,negative,positive,0.5957372188568115,0.40426281094551086,0.5957372188568115
scammed with smaller burger,negative,positive,0.5954448580741882,0.4045551121234894,0.5954448580741882
oder kassi rice with rost they sebnd me kichuri chicken stink,negative,positive,0.5953752994537354,0.40462467074394226,0.5953752994537354
the food was a bit heated and the rest is cold the pieces of meat were hard,negative,positive,0.5953699946403503,0.40462997555732727,0.5953699946403503
i usually order their panir rice which is good but when i ordered their beef khichuri the rice and beef did not feel that good,positive,negative,0.5951265692710876,0.5951265692710876,0.40487340092658997
combo te burhani celo kintu daw hoi nie,negative,positive,0.5949667096138,0.40503332018852234,0.5949667096138
quantity is not enough,positive,negative,0.5948120951652527,0.5948120951652527,0.40518781542778015
cooking has a lot of flavor but a lot of fat,negative,positive,0.5947749018669128,0.40522509813308716,0.5947749018669128
the waffles are too crunchy waffles should be soft not crunchy,negative,positive,0.5946471095085144,0.405352920293808,0.5946471095085144
good polao chicken is very bad,negative,positive,0.594617486000061,0.4053824841976166,0.594617486000061
when in doubt order bfc,positive,negative,0.5945504307746887,0.5945504307746887,0.4054495394229889
very quality taste,negative,positive,0.5942972302436829,0.4057027995586395,0.5942972302436829
the chaomin was a bit too sweet for me but it wasn t bad,positive,negative,0.5942664742469788,0.5942664742469788,0.40573352575302124
food color besi jodi koman tahle vlo hoy,negative,positive,0.5942457318305969,0.4057542681694031,0.5942457318305969
back momo writing but back was less momo was behind do business with integrity thank you,negative,positive,0.5938591361045837,0.40614083409309387,0.5938591361045837
i did g,negative,positive,0.5938426852226257,0.40615731477737427,0.5938426852226257
low budget fat food but a little more improvement was needed,negative,positive,0.5936335325241089,0.4063664972782135,0.5936335325241089
the news was chilling,negative,positive,0.593521237373352,0.4064788520336151,0.593521237373352
chicken sharma was good but pasta and french fry was not good at all,negative,positive,0.5933336615562439,0.4066663682460785,0.5933336615562439
kabab menu ta celo but dai ni,negative,positive,0.5929841995239258,0.40701577067375183,0.5929841995239258
sultan dine is usually much better with their polao and beef rezala and i liked the previous kacchi biriyani but why has both price and portion and the taste of the grain in kacchi biriyani changed,negative,positive,0.5924590826034546,0.4075409471988678,0.5924590826034546
its really and spicy,positive,negative,0.5923413038253784,0.5923413038253784,0.4076586663722992
food was cold taste ok,positive,negative,0.5921120047569275,0.5921120047569275,0.4078880548477173
the resturentias okay but the delivery man is rude i just give an delivery instruction for that he makes unnecessary questioning while delivery,negative,positive,0.5917962193489075,0.40820375084877014,0.5917962193489075
khabar valo chilo but quantity khub kom chilo dui jon er jonno order korsilam ekjoner oo pet bhore nai,negative,positive,0.5917789340019226,0.40822112560272217,0.5917789340019226
wont suggest momo for delivery it gets soggy,positive,negative,0.5916264057159424,0.5916264057159424,0.4083735942840576
solid mutton prices are unavailable,positive,negative,0.5915593504905701,0.5915593504905701,0.40844064950942993
not as good as it used to be but its not too bad either,positive,negative,0.5912342071533203,0.5912342071533203,0.40876585245132446
mutton is good but kacchii quality is very low,negative,positive,0.5912122130393982,0.4087877571582794,0.5912122130393982
they did not know about the pick up option they made the food after my husband arrived however the food was good,positive,negative,0.5911532640457153,0.5911532640457153,0.4088466763496399
khai nai bhai but age khaisilam shei chilo,positive,negative,0.5908256769180298,0.5908256769180298,0.4091743230819702
food was messy,negative,positive,0.5906825065612793,0.4093174934387207,0.5906825065612793
saying a little better immediately ruined the quality sad,negative,positive,0.5906768441200256,0.40932318568229675,0.5906768441200256
dupure vorpur lunch korlam sottie khabar test onek valo nischinte order korun kheye hotash hoben nah,positive,negative,0.5905267000198364,0.5905267000198364,0.4094732701778412
not bad but not good the set menu was average and nachos weren t very good,negative,positive,0.5903581380844116,0.4096418023109436,0.5903581380844116
food was good however the beef sheek kebab was so tiny portion for tk disappointing,positive,negative,0.5902076363563538,0.5902076363563538,0.40979233384132385
delivery person was very cordial,positive,negative,0.5897858738899231,0.5897858738899231,0.4102141261100769
big apple s rice is good last time they gave less amount of meat but this time they gave it right but they increased the price which is very sad that s why now i started buying it from al qaderia their price is lower the taste is also good,positive,negative,0.5895610451698303,0.5895610451698303,0.41043898463249207
chicken was burnt tasted very unpleasant sauce was little bit too watery had no taste chicken jalpari and special poratawas very delicious rest was standard,negative,positive,0.5894344449043274,0.41056549549102783,0.5894344449043274
need bill from restaurant,negative,positive,0.5894014835357666,0.4105985164642334,0.5894014835357666
hello there please open red velvet cake,positive,negative,0.5892756581306458,0.5892756581306458,0.41072431206703186
oder dai ek item but dai onno item,negative,positive,0.58906489610672,0.41093510389328003,0.58906489610672
why is the burger small,negative,positive,0.5890190601348877,0.4109809100627899,0.5890190601348877
pizza was thinner than paper,negative,positive,0.5889360308647156,0.4110639691352844,0.5889360308647156
three cheese pasta was too sweet,negative,positive,0.5885571241378784,0.41144293546676636,0.5885571241378784
price so high,negative,positive,0.588395893573761,0.4116040766239166,0.588395893573761
mashaallah same food same taste,positive,negative,0.5876955986022949,0.5876955986022949,0.4123043715953827
salt beshi hoise,negative,positive,0.5874764323234558,0.4125235676765442,0.5874764323234558
you should have mentioned the meal or,positive,negative,0.587429404258728,0.587429404258728,0.41257065534591675
you should concentrate on your taste quantity,negative,positive,0.5871968865394592,0.41280317306518555,0.5871968865394592
cutchi is high in salt kacchiwala s kacchi is much better than this,negative,positive,0.5871233940124512,0.41287657618522644,0.5871233940124512
meat was not satisfying but the rice was good,negative,positive,0.587113082408905,0.41288697719573975,0.587113082408905
delivery time is late,negative,positive,0.5869583487510681,0.4130416512489319,0.5869583487510681
it s too spicy we want little more spicy test but you gave too much spicy we could note enjoy this meal,negative,positive,0.5866791009902954,0.4133208096027374,0.5866791009902954
this time they provide no pickles and salad with the grill,positive,negative,0.5866066813468933,0.5866066813468933,0.4133933186531067
its ok but the salad and sauce were missing,negative,positive,0.5865959525108337,0.41340401768684387,0.5865959525108337
pls add french fries in ur menu coming from a die hard steakko lover,positive,negative,0.5863736271858215,0.5863736271858215,0.41362640261650085
the amount of meat was not that satisfactory but the taste was good,positive,negative,0.5861546993255615,0.5861546993255615,0.4138452112674713
packaging should be better quantity and taste is good soup must be given with plastic box onthon quality is very bad,positive,negative,0.5856199860572815,0.5856199860572815,0.4143799841403961
quantity is lower than price,negative,positive,0.5855480432510376,0.4144520163536072,0.5855480432510376
taste is good but quantity is very poor,negative,positive,0.5853689312934875,0.4146311283111572,0.5853689312934875
price is high compared to quality,positive,negative,0.5850086808204651,0.5850086808204651,0.4149913191795349
they always give you a good big piece of fried chicken but today was different i was served with this small piece with very little chicken mostly bone first time this has happened tasty food,positive,negative,0.5848480463027954,0.5848480463027954,0.4151518940925598
ordered american rice which provides huge amount of rice with a little amount of chicken although food is fresh but chicken amount should be increased,negative,positive,0.5846171975135803,0.4153827726840973,0.5846171975135803
why is it that quantity of the two soup bowls look like a baby toddlers bowl,negative,positive,0.5845375061035156,0.4154624938964844,0.5845375061035156
tasty waffles bad medium donut,positive,negative,0.5843212604522705,0.5843212604522705,0.4156787395477295
apnara packet korar shomoy kheal rakhben kibhabe mishti diesen packet bhije rosh porse jachse tai onosta very upsetting,negative,positive,0.5841362476348877,0.4158637225627899,0.5841362476348877
showing discounted price in the apps but keeping the original price disappointing food taste is good quantity should increase according to price,positive,negative,0.5840004682540894,0.5840004682540894,0.41599956154823303
sometimes not satisfactory,positive,negative,0.5839700102806091,0.5839700102806091,0.4160299599170685
muttor akhni was sweeter why,negative,positive,0.583614706993103,0.41638535261154175,0.583614706993103
khabar taste valo chilo bt gorom chilona,positive,negative,0.5835878849029541,0.5835878849029541,0.4164121150970459
the test is the food,positive,negative,0.583422064781189,0.583422064781189,0.41657790541648865
even after increasing the price the mutton pieces are getting smaller day by day,positive,negative,0.5833746194839478,0.5833746194839478,0.41662538051605225
why was the shawarma like burger and it lacked sauces pizza was mid,positive,negative,0.5833437442779541,0.5833437442779541,0.4166562557220459
average choice for anyone still i won t refer this if you have a deep pocket,negative,positive,0.5831764936447144,0.41682344675064087,0.5831764936447144
average as a bangladeshi amartemonn moja lageni,negative,positive,0.5831415057182312,0.41685858368873596,0.5831415057182312
fried chicken was good but salad vegetable was satisfying fried rice was distasable whoever cooked this item doesn t know what is fried rice first learn how to cook it then sell it to customers,negative,positive,0.5829042196273804,0.41709575057029724,0.5829042196273804
taste was good but price is very high absolutely not recommended,negative,positive,0.5828580856323242,0.4171419143676758,0.5828580856323242
so much late i didn t expect this much time my guest waited for so long time but the food was good be careful next time,negative,positive,0.5826204419136047,0.4173794984817505,0.5826204419136047
please don t order any one just waaaakkkkk,negative,positive,0.5825079083442688,0.4174920618534088,0.5825079083442688
i ve had bad experience with pizzaburg several times before but this time the pizza was good,positive,negative,0.5824691653251648,0.5824691653251648,0.4175308048725128
there quality have downgreaded,negative,positive,0.5823737382888794,0.4176262319087982,0.5823737382888794
the taste is not that bad the food had good quantity and it was fresh,positive,negative,0.5820679068565369,0.5820679068565369,0.4179321527481079
dal was fabulous but they burnt potato fry,negative,positive,0.5820065140724182,0.4179934561252594,0.5820065140724182
quality and quantity decreasing day by day have to be more professional,negative,positive,0.5817418694496155,0.4182581305503845,0.5817418694496155
amr food taa ekjon gorib manus key diyen karon ami food taa nibo naa,positive,negative,0.5817161202430725,0.5817161202430725,0.4182839095592499
chicken sausage pasta,positive,negative,0.58152174949646,0.58152174949646,0.4184783101081848
too much sauce for a basic salad,negative,positive,0.5807773470878601,0.4192226529121399,0.5807773470878601
the chicken biryani is reduced by sixty than before,negative,positive,0.5807514786720276,0.41924849152565,0.5807514786720276
size ta besi choto cilo,positive,negative,0.5805039405822754,0.5805039405822754,0.41949599981307983
i like it so much,positive,negative,0.5803698897361755,0.5803698897361755,0.41963011026382446
food is not bad,positive,negative,0.5800519585609436,0.5800519585609436,0.4199480414390564
quality aro vlo korte hobe,negative,positive,0.5799832940101624,0.42001667618751526,0.5799832940101624
disappoint quantity khub e kom roast er gravy nai bollei chole set menu nilam but borhani pailam na,negative,positive,0.5799282789230347,0.42007169127464294,0.5799282789230347
have to say i am impressed by the flavor profile one complaint would be the hard noodles,positive,negative,0.5796640515327454,0.5796640515327454,0.420335978269577
shawrma barger momo was good but pizza was poor,positive,negative,0.5796095728874207,0.5796095728874207,0.4203904867172241
there was spillage problem as well,negative,positive,0.5795431733131409,0.4204568862915039,0.5795431733131409
food taste is ok beef piece is too hard,positive,negative,0.5795415043830872,0.5795415043830872,0.42045852541923523
it was fairly good but did not give the cucumber,positive,negative,0.5793439745903015,0.5793439745903015,0.4206560552120209
they forgot my tomatoes in my beef cheese delight burger,positive,negative,0.5792967081069946,0.5792967081069946,0.42070332169532776
quantity or size of the chicken was too small,positive,negative,0.5789932608604431,0.5789932608604431,0.42100679874420166
it s arrived in time,positive,negative,0.5789487957954407,0.5789487957954407,0.4210512042045593
quality suppose to be maintained like your packaging,negative,positive,0.5788087248802185,0.4211913049221039,0.5788087248802185
fried rice is basically for quality need to increase,negative,positive,0.578712522983551,0.4212874472141266,0.578712522983551
salad is not included why,positive,negative,0.5785942673683167,0.5785942673683167,0.42140570282936096
the latter was good but the chicken soup was bad they don t give bowls they are the keeper s bones kalapata restaurant is better than this gives the bowl,negative,positive,0.578532874584198,0.421467125415802,0.578532874584198
earlier pizzas were more delicious today s pizza is not as tasty as before,negative,positive,0.5784232020378113,0.4215767979621887,0.5784232020378113
its not bad its very good,positive,negative,0.5784144997596741,0.5784144997596741,0.4215855002403259
i ordered bbq rice,positive,negative,0.5782392024993896,0.5782392024993896,0.42176079750061035
the hotel appears to be closed,negative,positive,0.5781348943710327,0.42186516523361206,0.5781348943710327
quantity is reducing day by day,positive,negative,0.5780264735221863,0.5780264735221863,0.4219735264778137
price is too high compared to others,negative,positive,0.5779534578323364,0.42204657196998596,0.5779534578323364
average food honestly they should really try to improve,negative,positive,0.5779162645339966,0.4220837950706482,0.5779162645339966
the food was good but the pasta i ordered supposed to have mashroom in it but they didn t give me any mashroom,positive,negative,0.5777936577796936,0.5777936577796936,0.4222063720226288
not good taste sultan s dinner is the best try to improve,negative,positive,0.5774570107460022,0.4225429594516754,0.5774570107460022
they need to improve the quality of neo mix,positive,negative,0.5772028565406799,0.5772028565406799,0.4227971136569977
the burger was not full of sauce and it had prefect amount of chicken to it loved the ratio,positive,negative,0.5770607590675354,0.5770607590675354,0.422939270734787
bhaji ta aro improve kora uchit dalda dei,positive,negative,0.5770471096038818,0.5770471096038818,0.42295292019844055
food was good but they took hours to prepare when i called fhey said its because of rush had i been a normal dine in customer would they have kept me waiting so long for a burger,negative,positive,0.5769565105438232,0.4230435788631439,0.5769565105438232
onk late delivery diseh food thik chiloh but late delivery onkkk late,negative,positive,0.5768361687660217,0.42316386103630066,0.5768361687660217
it was good but the ingredients were too less the previously ordered pizza was nicely filled and decorated but today s was not so filled,positive,negative,0.5767837166786194,0.5767837166786194,0.4232162833213806
here loti chinkri is tasty but lao chinkri is not good they have not informed us that lao chinkri mixed with shutki we don t like shutki they should write under the dish lao shutki chinkri,negative,positive,0.5767180323600769,0.4232819974422455,0.5767180323600769
can you all stop making the tehari too sweet,positive,negative,0.5766867995262146,0.5766867995262146,0.423313170671463
this is the second time they forgot to give coleslaw,negative,positive,0.5763610601425171,0.4236389696598053,0.5763610601425171
was not that bad,positive,negative,0.5762384533882141,0.5762384533882141,0.4237615466117859
there are better pizzas in the menu please don t go for crispy chicken pizza i would recommend the alfredo one toodles,negative,positive,0.576174795627594,0.4238251745700836,0.576174795627594
asked for paratha but received only naan rest of the order was ok,positive,negative,0.5761354565620422,0.5761354565620422,0.42386457324028015
unsatisfied with kolija bhuna,negative,positive,0.5760234594345093,0.42397651076316833,0.5760234594345093
sauces aro barti rr o variety mondo hoyna,positive,negative,0.5756170749664307,0.5756170749664307,0.42438292503356934
quantity was only people s quantity in the set menu i was supposed to get chicken fry but i got pieces of potato fry however for the taste i am giving,positive,negative,0.5755863189697266,0.5755863189697266,0.42441365122795105
prepared without salt,negative,positive,0.5753620862960815,0.4246378540992737,0.5753620862960815
one paket was missing but food wasnostsog good,negative,positive,0.5752401351928711,0.4247599244117737,0.5752401351928711
all their burgers have gone bad was a regular but stopped ordering recently tried their new crispy burger bs its like a street side tk crispy chicken burger but with lesser chicken in it bye bye,negative,positive,0.5751045346260071,0.4248955249786377,0.5751045346260071
there was a lot of oil,negative,positive,0.5750555992126465,0.4249444007873535,0.5750555992126465
forgot my coleslaw,negative,positive,0.5750493407249451,0.4249506890773773,0.5750493407249451
last time it was many but today got some less,positive,negative,0.5749086141586304,0.5749086141586304,0.425091415643692
quantity much smaller then other times,negative,positive,0.574796199798584,0.42520377039909363,0.574796199798584
kharap valo chilo but last je koyek bar order korechi tar theke food kom chilo and your should provide salad with kacchi,positive,negative,0.5747528672218323,0.5747528672218323,0.4252471327781677
thye forgot to provide coleslaw,negative,positive,0.5743820667266846,0.42561787366867065,0.5743820667266846
so yammii food,positive,negative,0.5743702054023743,0.5743702054023743,0.4256298243999481
chicken is less than before but the price is higher,negative,positive,0.5740628838539124,0.42593714594841003,0.5740628838539124
too much mayo or cream but other than that i am glad that they are back in business,positive,negative,0.5736209750175476,0.5736209750175476,0.4263789653778076
testy treat gradually decrease quality customer support,negative,positive,0.5734685659408569,0.42653146386146545,0.5734685659408569
fairly good for the price,negative,positive,0.573114812374115,0.4268852174282074,0.573114812374115
the pizza was amazing but i got this with wet box delivery system was very poor,negative,positive,0.572634756565094,0.42736518383026123,0.572634756565094
coke was missinh,negative,positive,0.5724049210548401,0.4275951087474823,0.5724049210548401
one of my fav restaurant onkbar order kora hoise ekhn porjnto kharap kichu paini,positive,negative,0.5723817348480225,0.5723817348480225,0.42761823534965515
used to love their chicken chowmen but they reduced the portion and the taste was not great overall hopefully they will fix it,positive,negative,0.5723270773887634,0.5723270773887634,0.4276728928089142
rice is sooo small,positive,negative,0.572161078453064,0.572161078453064,0.4278389513492584
it takes a lot of time to deliver,positive,negative,0.5721168518066406,0.5721168518066406,0.42788320779800415
fuchkar pur eto olpo chilo,negative,positive,0.5714694261550903,0.4285305440425873,0.5714694261550903
hold the sauce,positive,negative,0.5714462995529175,0.5714462995529175,0.42855364084243774
it takes very long time to deliver,positive,negative,0.5714382529258728,0.5714382529258728,0.4285617470741272
fair with test,negative,positive,0.5711671710014343,0.4288327693939209,0.5711671710014343
meat was ok but khichuri worthless,negative,positive,0.5708799958229065,0.42911994457244873,0.5708799958229065
every thing is a mess and already eaten,negative,positive,0.5703079104423523,0.42969202995300293,0.5703079104423523
food delivery man problem,negative,positive,0.5700275897979736,0.42997241020202637,0.5700275897979736
appearing buy get but provided one,negative,positive,0.5696902275085449,0.43030980229377747,0.5696902275085449
it s too late delivery i missed my party,positive,negative,0.5695937871932983,0.5695937871932983,0.43040624260902405
morog polao hits the spot perfectly but improvements should be made in jorda the sugar didn t mix with the rice properly whch gave it a weird texture when you take a bite,positive,negative,0.5693837404251099,0.5693837404251099,0.4306162893772125
pizza taste was not up to standard packaging was awesome,negative,positive,0.5690256357192993,0.4309743046760559,0.5690256357192993
taste was good bt service was poor also poor quality packing they don t pack the pickle in a packet they served the pickle on rice otherwise the rice and chicken taste was perfect,negative,positive,0.568916916847229,0.431083083152771,0.568916916847229
jei piece ta dite mana korsi specially oi piece tai dise wow,negative,positive,0.5682722926139832,0.43172773718833923,0.5682722926139832
i wanted more sauce and got less sauce,positive,negative,0.5677288174629211,0.5677288174629211,0.43227115273475647
rate kinda high,negative,positive,0.567627489566803,0.43237248063087463,0.567627489566803
lobon ta onk beshi hoiya gaca,negative,positive,0.5675925016403198,0.4324074983596802,0.5675925016403198
steamed dumplings were not delicious,positive,negative,0.5672516226768494,0.5672516226768494,0.43274831771850586
taste was average worth it only if you have the voucher both the quantity and the taste are very less compared to its original price,negative,positive,0.5670248866081238,0.43297508358955383,0.5670248866081238
one donut seemed to taste oily,positive,negative,0.5664502382278442,0.5664502382278442,0.43354976177215576
plzz dim vuna pakeging ta valo korun shb jhol diye nsto hoye jai poli diye pk krle amn hoi na plzz i hope u fixed it,positive,negative,0.5661588311195374,0.5661588311195374,0.43384116888046265
oil was high reduce the amount of oil the test was good for cock pollaw,negative,positive,0.5661082863807678,0.43389177322387695,0.5661082863807678
was fairly good the test is not bad,negative,positive,0.5659275054931641,0.4340724050998688,0.5659275054931641
this time chicken vegetable amount was just half compared to previous orders seems like price increased but quantity decreased,positive,negative,0.5657878518104553,0.5657878518104553,0.4342121481895447
borhani valo cilona,positive,negative,0.5656833052635193,0.5656833052635193,0.4343167245388031
amount is not good enough this time i have ordered several times previously they provided gooh service,negative,positive,0.5656419396400452,0.43435803055763245,0.5656419396400452
their food is good but sent cold always,positive,negative,0.5654638409614563,0.5654638409614563,0.4345361590385437
they didn t give me the mayo that i have ordered otherwise the taste was good,positive,negative,0.5652656555175781,0.5652656555175781,0.43473437428474426
potato mash should come more at this price feels like hygiene,positive,negative,0.5652152299880981,0.5652152299880981,0.43478474020957947
give more meat than fat,positive,negative,0.565136194229126,0.565136194229126,0.43486374616622925
fish finger prawn chowmein packaging was not good should be improved,positive,negative,0.5651137232780457,0.5651137232780457,0.43488624691963196
that was so spicy,positive,negative,0.5650336146354675,0.5650336146354675,0.43496641516685486
the taste of the food is good but i ordered a fried egg for breakfast and was given a half fried egg and the egg price is tk,negative,positive,0.5650123953819275,0.4349876344203949,0.5650123953819275
promo code foods are small,negative,positive,0.5647743344306946,0.4352256953716278,0.5647743344306946
mixed vegetables say you only give gourds do business in a halal way earn money in a reasonable way,negative,positive,0.5647531151771545,0.43524688482284546,0.5647531151771545
the size of the crispy king was too smaller than the regular one,negative,positive,0.564021646976471,0.43597832322120667,0.564021646976471
the cake was very good but the bhai burger was made in and smelled sour i was ordering for my younger brother the poor guy was upset,negative,positive,0.5637483596801758,0.436251699924469,0.5637483596801758
the food was good but every time i have chicken buzz the day after i get food poisoning,positive,negative,0.5637052059173584,0.5637052059173584,0.4362947940826416
this restaurant takes a lot of time to prepare the food,negative,positive,0.5635973811149597,0.43640267848968506,0.5635973811149597
improve the rice in biriyani,positive,negative,0.5634964108467102,0.5634964108467102,0.4365036189556122
brother bhaji may melt in the heat and become a filling but i ordered bharta how did it change to fried and all are the same curry,negative,positive,0.5634644627571106,0.4365355670452118,0.5634644627571106
tasty treat delivered the cake all right but rider didn t deliver the food because i accidentally put the wrong address i contacted him and corrected the address but he switched off his phone,positive,negative,0.5633429288864136,0.5633429288864136,0.43665704131126404
i ordered nachos but was given wonton and soup,negative,positive,0.5632707476615906,0.4367292523384094,0.5632707476615906
vai apnara maje maje chicken tawa fry te mosolla kom den kno shos ta aktu barai diyen,negative,positive,0.563076376914978,0.43692368268966675,0.563076376914978
garlic nan order giyechilm kintu normal nan chilo khabar er man aro valo kora uchit,negative,positive,0.5630300045013428,0.4369699954986572,0.5630300045013428
late for serving,positive,negative,0.5626757740974426,0.5626757740974426,0.4373241662979126
definitely no restaurant for breakfast in uttara,positive,negative,0.5626357793807983,0.5626357793807983,0.4373641908168793
taste was ok but delivery was extremely late,negative,positive,0.5622221827507019,0.4377778470516205,0.5622221827507019
late in preparing ammay bokisoin amare afnarar lagi,positive,negative,0.5621726512908936,0.5621726512908936,0.43782734870910645
i don t think so that chicken was fresh,negative,positive,0.5621123313903809,0.43788766860961914,0.5621123313903809
quality is not best but price is too much,positive,negative,0.5619210004806519,0.5619210004806519,0.43807896971702576
can t say anything,negative,positive,0.5618970394134521,0.43810293078422546,0.5618970394134521
there was prawn in schezwan chicken rice i m suffering from allergy,negative,positive,0.561758279800415,0.43824172019958496,0.561758279800415
need to add more juicy flavor into meat and the meat was not good it had black color fatty meat covering the entire pice need to develop the quality,negative,positive,0.5617377161979675,0.43826228380203247,0.5617377161979675
ordered chicken chap taste was good but quantity is less compared to the price,positive,negative,0.561671257019043,0.561671257019043,0.43832874298095703
taste was good but amount was too poor according to ordered menu,negative,positive,0.5615733861923218,0.4384266436100006,0.5615733861923218
rice olpo den kno,positive,negative,0.5614556074142456,0.5614556074142456,0.43854445219039917
amr specially alur dom ta khub taste lageche luchi ba ruti diye khete khub vloi lage,positive,negative,0.5610389709472656,0.5610389709472656,0.4389609396457672
salad was not enough,negative,positive,0.5605968236923218,0.4394031763076782,0.5605968236923218
i think we were packaged for bucks once,negative,positive,0.5601766109466553,0.4398233890533447,0.5601766109466553
ignored all instructions about the order,negative,positive,0.5599881410598755,0.4400118291378021,0.5599881410598755
portion is small,negative,positive,0.5598059296607971,0.4401940703392029,0.5598059296607971
in my taste the popcorn rice bowl is out of,negative,positive,0.5594395399093628,0.4405604898929596,0.5594395399093628
buy get burger ta taka poreche pandabox voucher diye taste dam hishebe valo,positive,negative,0.5594102144241333,0.5594102144241333,0.4405897855758667
i founf some weird thibgs,negative,positive,0.5593211054801941,0.4406788945198059,0.5593211054801941
the portion and the number of beef pieces was adequate given the price food was enjoyable too,positive,negative,0.5590572357177734,0.5590572357177734,0.44094279408454895
why the shakes were open,negative,positive,0.559032142162323,0.440967857837677,0.559032142162323
everything was goof except for some meat pieces which were not soft as usual,positive,negative,0.5589672923088074,0.5589672923088074,0.44103264808654785
set menu as always good but the meat box kindly dont scam people by naming it meat box rather name it potato fries box,positive,negative,0.5589041709899902,0.5589041709899902,0.44109585881233215
thai soup is too sweet,positive,negative,0.5589012503623962,0.5589012503623962,0.44109874963760376
literally the greatest kacchi in bangladesh,positive,negative,0.5587695837020874,0.5587695837020874,0.4412303566932678
salad dile ki gorib hoiya jaiten,negative,positive,0.5585582852363586,0.44144171476364136,0.5585582852363586
every time you make an offer the quality of the food goes down please keep the standard we don t need an offer,negative,positive,0.5585448145866394,0.4414551854133606,0.5585448145866394
food quality is better than other hotels,positive,negative,0.558541476726532,0.558541476726532,0.4414585530757904
tooooooooo much spicy,negative,positive,0.5583649277687073,0.4416351020336151,0.5583649277687073
according to the price they should increase the quantity of food,negative,positive,0.5583627820014954,0.44163721799850464,0.5583627820014954
khbr er quantity taste khub e vlo chilo bt ta item missing chilo soft drink,positive,negative,0.5582857131958008,0.5582857131958008,0.4417142868041992
chui ekbare thin ekta dise mane dekhai zaina parcel e karsaji kore ora i think for voucher apply korle other wise oder restaurant e boshe khele quantity quality tase always best,negative,positive,0.5582810640335083,0.4417189955711365,0.5582810640335083
i did not get any lemon salad the food was amazing,positive,negative,0.558252215385437,0.558252215385437,0.44174784421920776
beef bhuna curry quantity akbare kom dam anujayi,negative,positive,0.558165967464447,0.44183406233787537,0.558165967464447
meat size was small,positive,negative,0.5581315755844116,0.5581315755844116,0.44186848402023315
in sarma there was sand i complained to food panda it was solved alhamdulillah thanks food panda,negative,positive,0.5579442977905273,0.4420556426048279,0.5579442977905273
potato wages were wither,positive,negative,0.557774007320404,0.557774007320404,0.44222602248191833
meat in one pie one bone and two meat potatoes were ok too jorda and borhani were also good thanks sultan dines,positive,negative,0.5577592849731445,0.5577592849731445,0.44224074482917786
they should order from this device,positive,negative,0.5577035546302795,0.5577035546302795,0.4422963857650757
singara coat should have thinner aged people feel pain to eat,positive,negative,0.5576084852218628,0.5576084852218628,0.4423915147781372
sala ra always jul sarad don t give them how people will eat it,positive,negative,0.5575828552246094,0.5575828552246094,0.44241708517074585
egg burgers used to be very good now it has become inferior,negative,positive,0.5575808882713318,0.442419171333313,0.5575808882713318
the kachchi was good but the mutton piece was boneless and small and the glass was very cold the chicken grill was also interesting but this too got cold,negative,positive,0.5575380921363831,0.44246184825897217,0.5575380921363831
the food was good but they took almost hours for just sharma just piece sharma hours,negative,positive,0.557403564453125,0.442596435546875,0.557403564453125
can t follow requests at all were all competent staff fired,negative,positive,0.5573553442955017,0.4426445960998535,0.5573553442955017
more spices have been given to eat rice with so many spices,negative,positive,0.5571863651275635,0.44281357526779175,0.5571863651275635
taste wasn t good less salt and flavor but good quantity of chicken,negative,positive,0.5571578145027161,0.4428422152996063,0.5571578145027161
quality of food needs improvement specially borhani mutton biriyani,negative,positive,0.5571198463439941,0.44288021326065063,0.5571198463439941
it was too hot eto jhal khetei parini ami,negative,positive,0.5568198561668396,0.443180114030838,0.5568198561668396
food was alright but i ordered x chicken hydrabadj biriyani they sent me boxes,negative,positive,0.5566537380218506,0.44334620237350464,0.5566537380218506
ordered one large pizza i m not satisfied with the price but tbh the pizza was super delicious gonna order more from here in sha allah,positive,negative,0.5566467642784119,0.5566467642784119,0.44335317611694336
chocolate chips moist cake donut,positive,negative,0.5565147399902344,0.5565147399902344,0.443485289812088
the taste of all food was average the polao almost felt like plain rice with very little spots the only good thing is it s all homely would rate about,positive,negative,0.5563209056854248,0.5563209056854248,0.4436790645122528
the momos weren t bad but the filling inside was same for all the flavors of momo in platter the gravy on top was alright the dough was on the thicker side as well and i prefer them to be thin,negative,positive,0.5562599301338196,0.4437400698661804,0.5562599301338196
i think bashaundhara branch provides better taste,positive,negative,0.5561995506286621,0.5561995506286621,0.44380050897598267
food was expansive,negative,positive,0.556064248085022,0.4439358115196228,0.556064248085022
as usual not satisfactory,negative,positive,0.5558852553367615,0.4441147744655609,0.5558852553367615
everything was fine but they did not want to provide soft drinks in pickup order after i showed them the list on the chart several times they still did not agree but in an old bottle they gave a little bit of coke to use,positive,negative,0.555726170539856,0.555726170539856,0.44427382946014404
the rasmalai was not that good but all the other dishes were good,positive,negative,0.5556747913360596,0.5556747913360596,0.44432517886161804
ja order kori seta paoa jay na ekhane khabarer quality valoi,negative,positive,0.5555378198623657,0.4444621503353119,0.5555378198623657
chillox er burger sob somoy bhalo hoy kintu kalke keno jani na mayo ta tok tok chilo sokale order korechilm tai hoyto ager purono mayo use kora hoyechilo,negative,positive,0.5555107593536377,0.4444892406463623,0.5555107593536377
the morog polau was right on the tastebuds the sweetness can be subtle not overwhelming chicken slightly saut ed do not over fry next gravy flavor it,positive,negative,0.5552932024002075,0.5552932024002075,0.44470685720443726
delivery was too late nd over all not bad i liked it,positive,negative,0.5550671219825745,0.5550671219825745,0.4449329376220703
since when did madchef start giving such less amount of rice,negative,positive,0.5550517439842224,0.4449482262134552,0.5550517439842224
god tier food chain,positive,negative,0.5549327731132507,0.5549327731132507,0.44506722688674927
amount is good but there is less amount of gravy and roast piece is not that much good,negative,positive,0.5543854832649231,0.4456145167350769,0.5543854832649231
pasta test good but chicken chilo na bolley choe,negative,positive,0.5541863441467285,0.4458136260509491,0.5541863441467285
naga chicken burger burger was not as big as it showed like always but it tasted quite good and the spice really not much its just spicy at max at least for me,positive,negative,0.5541314482688904,0.5541314482688904,0.44586852192878723
bhai one item short,positive,negative,0.5540409684181213,0.5540409684181213,0.44595906138420105
seal the box properly next time not with rubber bands perhaps put it in bag and tape the bag for health and safety reason other than food was great,positive,negative,0.5538103580474854,0.5538103580474854,0.4461895823478699
i did not enjoy eating the roast was fun,negative,positive,0.5536025166511536,0.4463975131511688,0.5536025166511536
their food is ok alu baji and dal vuna is satisfactory but dim vuna is not so good,positive,negative,0.5535566806793213,0.5535566806793213,0.4464433491230011
chicken curry te long er amount onek beshi chhilo aar test khub overpowering chhilo,negative,positive,0.553464949131012,0.44653502106666565,0.553464949131012
they are importing the home delivery day by day keep it up only resturant that do not compromise with their quality,positive,negative,0.5534083843231201,0.5534083843231201,0.4465916156768799
taste ingredients amount l guess they can t change the bogo lovers maker s size must recommend,positive,negative,0.5533000230789185,0.5533000230789185,0.44670000672340393
they re losing their touch on the cashewnut salad it used to be good,negative,positive,0.5531308054924011,0.4468691647052765,0.5531308054924011
they need to know what is peri peri flavor,negative,positive,0.5530653595924377,0.4469345808029175,0.5530653595924377
at least ta sauce dileo hoito,positive,negative,0.5527913570404053,0.5527913570404053,0.44720858335494995
the whiped cream is ok but the taste of the cake is not good at all you should use a better quality coco powder to make cakes,negative,positive,0.5526472330093384,0.4473527669906616,0.5526472330093384
the food tasted superb the quantity was very satisfying but they should have packed the soup in another way instead of polythene it was very disappointing,positive,negative,0.5524972677230835,0.5524972677230835,0.4475027620792389
no salat is offered with basmati kachchi borhani and zorda were fun,positive,negative,0.5523574948310852,0.5523574948310852,0.4476425051689148
rezalar j smell j taste kichui nai just oil tasty to obosshoi na roast polao ta better jorda motamoti khabar er taste aro ektu unnoto korte hobe packing valo,negative,positive,0.5523303747177124,0.4476696848869324,0.5523303747177124
english roasted meal e gravy r quantity please arektu baraben and rice er quantity din din jebhabe komtese,positive,negative,0.5522469282150269,0.5522469282150269,0.44775310158729553
mutton er jaigai beef kno,negative,positive,0.5521140098571777,0.44788604974746704,0.5521140098571777
i had a wholesome meal having the wrap i ve tried chicken wrap,positive,negative,0.5520888566970825,0.5520888566970825,0.4479111135005951
price komano uchit,negative,positive,0.5520117282867432,0.44798821210861206,0.5520117282867432
the message on the cake was crafted the way i wanted it was very thoughtful,positive,negative,0.5519917607307434,0.5519917607307434,0.448008269071579
not bad but they switched prawn ball to chicken ball and did not expect this from such an expensive shop,negative,positive,0.5519778728485107,0.44802212715148926,0.5519778728485107
the bun was a bit stale,negative,positive,0.551826000213623,0.44817405939102173,0.551826000213623
the meal was delicious but one thing that didn t let me be fully satisfied was i asked for two leg pieces where i got only one i did not expect this kind of outcome hoping for exact service next time,positive,negative,0.5518009066581726,0.5518009066581726,0.44819900393486023
street food is better than kfc,negative,positive,0.551786482334137,0.44821348786354065,0.551786482334137
pasta aro better houya uchit,negative,positive,0.5513918995857239,0.44860807061195374,0.5513918995857239
paddy rice is of very poor quality which has reduced the taste of the whole khadar hope you will try to satisfy the consumer by serving good quality rice paddy in future other dishes were fresh and good,negative,positive,0.5513127446174622,0.44868725538253784,0.5513127446174622
hot fries naga wings wraps and sandwiches are up to the mark but sadly their burgers and subs are not satisfactory,positive,negative,0.551300585269928,0.551300585269928,0.448699414730072
soup e corn flour beshi lagche thai fried rice e lemon grass er flavor onek beshi,negative,positive,0.5512516498565674,0.448748379945755,0.5512516498565674
best burger really is the best burger ever and the spicy sauce also lived up to its name but the chilli sauce that comes for free was disgusting tasted rotten hope they change that,positive,negative,0.5511540174484253,0.5511540174484253,0.4488459825515747
price er tolonai quantity kom ei price e ro better asa korsilam,negative,positive,0.550807535648346,0.44919252395629883,0.550807535648346
it was not bad but pieces of meat one was fully rubber and hard while the other piece was meat but it was small i rate it,positive,negative,0.5507586598396301,0.5507586598396301,0.44924142956733704
irani roll was so cool,positive,negative,0.550584077835083,0.550584077835083,0.44941583275794983
the rice chicken was too spicy,positive,negative,0.5505796074867249,0.5505796074867249,0.44942039251327515
alu bhorta was stale other items were really good masha allah,positive,negative,0.5503231883049011,0.5503231883049011,0.4496768116950989
cashewnut salad i will ignore this restaurant in future,negative,positive,0.5502669215202332,0.44973307847976685,0.5502669215202332
they have reduced the amount and increased the price,positive,negative,0.5501887798309326,0.5501887798309326,0.4498112201690674
borhani was so so,positive,negative,0.5497415065765381,0.5497415065765381,0.4502585232257843
all okk but sos ta moja nah,negative,positive,0.5493566393852234,0.4506433308124542,0.5493566393852234
sorry ami kheye dekhte parini newyork ke thaki order ta khalamonir jonne chilo i guess valo chilo,positive,negative,0.5493109226226807,0.5493109226226807,0.4506891369819641
the nachos were too oily and the chicken a little too salty the burger is okay,negative,positive,0.5492749214172363,0.45072513818740845,0.5492749214172363
the salad was frozen,negative,positive,0.5492703914642334,0.4507296085357666,0.5492703914642334
amount was not enough,negative,positive,0.5489635467529297,0.4510364830493927,0.5489635467529297
its quality full i like it,positive,negative,0.5488555431365967,0.5488555431365967,0.4511444866657257
loveeee your food please never change your quality,positive,negative,0.5486833453178406,0.5486833453178406,0.4513167142868042
not enough rice but test was good,positive,negative,0.5484645366668701,0.5484645366668701,0.4515354633331299
food quality was upto mark according to price,positive,negative,0.5482157468795776,0.5482157468795776,0.45178425312042236
you guys have to improve more,negative,positive,0.5480638146400452,0.45193615555763245,0.5480638146400452
mutamuti valo chilo special irani morog polao name onujai special test chilo na ager teke o test km lagse,negative,positive,0.5480116009712219,0.4519883692264557,0.5480116009712219
quantity of chicken curry was not enough,positive,negative,0.5480115413665771,0.5480115413665771,0.45198845863342285
the restaurant resister till guy was a liar and a very dishonest person,negative,positive,0.5478720664978027,0.4521279036998749,0.5478720664978027
it was a bogo offer on pasta didnt taste good at all,negative,positive,0.5475193858146667,0.45248061418533325,0.5475193858146667
tell then instruction but did not do that,negative,positive,0.5475000739097595,0.4524998664855957,0.5475000739097595
i like there burgers,positive,negative,0.5474642515182495,0.5474642515182495,0.4525357484817505
valo badam vorta dal tomato vorta vaat r telapiya vaja r murgir mangsho,positive,negative,0.5474057793617249,0.5474057793617249,0.4525942802429199
food was good quantity is too low the box is so small,negative,positive,0.5471587777137756,0.452841192483902,0.5471587777137756
jhol kom hoye gesilo,positive,negative,0.5470162034034729,0.5470162034034729,0.4529838263988495
nothing special but average,positive,negative,0.5469650626182556,0.5469650626182556,0.4530349671840668
brother you can order whatever you want from here the test is pretty good but don t forget to order roopchanda i don t know if it s rupees it s so small it s roopchanda or puti fish,negative,positive,0.5469000339508057,0.45309990644454956,0.5469000339508057
i took the half bashmati kacchi the quantity of rice was more for a person two people can share one rice however the amount of meat is average like others the rice was a bit oily and hard,positive,negative,0.5463789105415344,0.5463789105415344,0.4536210298538208
it was written papdam and yoghurt but i didn t receive it,negative,positive,0.5461531281471252,0.45384693145751953,0.5461531281471252
food was tasty but cold and it took minutes plus or minus hour to deliver but said your food was delivered early,negative,positive,0.5460870862007141,0.4539128839969635,0.5460870862007141
the cheese taste like floor cleaner,negative,positive,0.5460002422332764,0.453999787569046,0.5460002422332764
kindly do not give foil paper foil paper powder stuck to food besides every food is very good for you keep it up,positive,negative,0.545943558216095,0.545943558216095,0.45405641198158264
pasta was good but you shouldn t sell coffee if you don t have proper packaging system the last thing you could do is send coffee in a paper cup and seal it with foil paper and rubber band,negative,positive,0.5457841157913208,0.4542159140110016,0.5457841157913208
board paper er moton shokto paratha,negative,positive,0.5455731749534607,0.45442676544189453,0.5455731749534607
cikan is darty,negative,positive,0.54556804895401,0.45443195104599,0.54556804895401
after that there is no need to press so much clumps become boring test is good dalbhaji and parata are not always available,positive,negative,0.545555591583252,0.545555591583252,0.45444434881210327
portion kom chilo,positive,negative,0.5454954504966736,0.5454954504966736,0.4545045793056488
this restaurant never disappoints me,positive,negative,0.5453881025314331,0.5453881025314331,0.4546119272708893
have ordered chicken masala achari which wasn t too good,negative,positive,0.5453821420669556,0.45461782813072205,0.5453821420669556
did not provide any salad that was a bit disappointing but the food was good,positive,negative,0.5452247858047485,0.5452247858047485,0.45477521419525146
got a piece of glass in their kacci food panda should include photo or video option in their app so that i can share my experience in kacci xpress food with image,negative,positive,0.5451889038085938,0.45481112599372864,0.5451889038085938
i like this,positive,negative,0.5449008345603943,0.5449008345603943,0.45509910583496094
motamuti less amount of rice silo,negative,positive,0.5448904633522034,0.45510950684547424,0.5448904633522034
kacchi was okay chui had a chunk of meat that was too greasy,positive,negative,0.5448062419891357,0.5448062419891357,0.45519375801086426
pizzas looked really good but didn t like the taste that much also was a bit smelly,negative,positive,0.544540524482727,0.4554593861103058,0.544540524482727
need to improve the quality and quantity of the food,negative,positive,0.5445381999015808,0.4554617702960968,0.5445381999015808
excess salt is added,negative,positive,0.5440146327018738,0.45598533749580383,0.5440146327018738
drink was good value and taste better than dhanmondi outlet for now dhanmondi has issues and seems never improving,positive,negative,0.5439088940620422,0.5439088940620422,0.45609110593795776
chicken soup gravy wings,positive,negative,0.5433501601219177,0.5433501601219177,0.4566497802734375
soup was not good but noodles is good,positive,negative,0.5433139801025391,0.5433139801025391,0.45668596029281616
less than usual,negative,positive,0.5432899594306946,0.45670998096466064,0.5432899594306946
you have to order the spicy chicken,positive,negative,0.5430669188499451,0.5430669188499451,0.4569331109523773
coto bite ta kom moja cilo r showrma ta bon diye kora hoicilo tai vlo lage ni,negative,positive,0.5430329442024231,0.4569670557975769,0.5430329442024231
size hisabe price beshi nisa onk,negative,positive,0.5426651239395142,0.4573347866535187,0.5426651239395142
i ordered a sub sandwich and a hot dog,negative,positive,0.5426021218299866,0.4573979079723358,0.5426021218299866
lal ruti was way too good alu vaji had very less amount of oil which is nice,positive,negative,0.5424814224243164,0.5424814224243164,0.457518607378006
they always deliver the same mocha,negative,positive,0.5421364903450012,0.4578635096549988,0.5421364903450012
paratha was not good enough dalvaji was ok,positive,negative,0.5420758724212646,0.5420758724212646,0.4579241871833801
the delivery was late,negative,positive,0.5419571399688721,0.45804280042648315,0.5419571399688721
khechuri valo chilo but bashmoti kacchi valo na,negative,positive,0.5416557192802429,0.45834431052207947,0.5416557192802429
the rice was just awesome totally homemade test but when i bite the chicken it was fully raw no salt and other spices didn t in it just was fed up,negative,positive,0.5414629578590393,0.45853710174560547,0.5414629578590393
not worth it but ok,positive,negative,0.5412582755088806,0.5412582755088806,0.4587417542934418
shash should be given with sharma,negative,positive,0.5409921407699585,0.4590078592300415,0.5409921407699585
earlier dayz food was good but now this restaurant food is not like before,negative,positive,0.5409629344940186,0.45903703570365906,0.5409629344940186
portion size of the sushi was small for the price,positive,negative,0.540725588798523,0.540725588798523,0.45927441120147705
the sizes of the meat are smaller compared to what we get in shop other then good,negative,positive,0.5406684279441833,0.45933154225349426,0.5406684279441833
too much mayonnaise sauce and the portion size could have been slightly larger,positive,negative,0.5405619144439697,0.5405619144439697,0.4594380855560303
less in quantity taste was fair enough,negative,positive,0.5405264496803284,0.45947355031967163,0.5405264496803284
portion packaging value for money taste only it was not smokey sandwitch it was spicy chicken no complaints on that,positive,negative,0.540277898311615,0.540277898311615,0.459722101688385
proper l l sauce and l fries,negative,positive,0.5402007699012756,0.45979925990104675,0.5402007699012756
they need to improve their packaging system a simple scotch tape won t be enough to hold it food was good tho,negative,positive,0.5401866436004639,0.4598133862018585,0.5401866436004639
sauce archillie pase deyni,negative,positive,0.5401164293289185,0.45988354086875916,0.5401164293289185
food was well cooked however it was extremely spicy,positive,negative,0.5400230884552002,0.5400230884552002,0.4599769115447998
khabarer man aro valo korte hobe,negative,positive,0.5399847030639648,0.46001526713371277,0.5399847030639648
my pizza came unorganized,negative,positive,0.5398861765861511,0.4601137638092041,0.5398861765861511
it was ok not as great as i expected,negative,positive,0.5398603081703186,0.4601396918296814,0.5398603081703186
the food is mashaallah,positive,negative,0.5397269129753113,0.5397269129753113,0.46027305722236633
average coleslaw ta bad dewa uchit,positive,negative,0.539539098739624,0.539539098739624,0.460460901260376
diyalm fuska bt anse pitha disguising,negative,positive,0.5393450260162354,0.46065500378608704,0.5393450260162354
its too expensive,positive,negative,0.539129376411438,0.539129376411438,0.4608706533908844
bhai who adds tomatoes to chicken shwarma it was so bad could barely find any chicken the packaging was good but for the love of good do some research it was more of a sandwich than a shawarma,negative,positive,0.539034903049469,0.4609651267528534,0.539034903049469
the food was absolutely delicious delivery time shown as minutes but arrived hour late the amount of chicken on the nachos is not even half the amount it used to be i am totally disappointed this time,negative,positive,0.5388129949569702,0.4611870050430298,0.5388129949569702
less meat than usual,negative,positive,0.5381678342819214,0.4618322253227234,0.5381678342819214
the waffles were a little burnt and too crisp,positive,negative,0.5381346940994263,0.5381346940994263,0.46186530590057373
when i open,positive,negative,0.5381266474723816,0.5381266474723816,0.4618733823299408
nehari was sweet,negative,positive,0.5378949046134949,0.4621051251888275,0.5378949046134949
tasty but taka onujai tulona mulok onk besii kom dewa hoy khabr restaurant a bose khela ato kom deba nh kaw online delivery ta thokano hoy besi dama olpo khabar diywa hoy ja thik noy mnus thokano,negative,positive,0.5378649234771729,0.46213507652282715,0.5378649234771729
i was excited for the pizza but but was not thatttt gud not like that taste when i ate it st time the pasta was gud thu,negative,positive,0.537771463394165,0.46222853660583496,0.537771463394165
the quantity of khichuri was less please tell me more directly,negative,positive,0.5376453995704651,0.4623546302318573,0.5376453995704651
burger patty was good but too much mayo and sauce was added the ramen was too salty,negative,positive,0.5373493432998657,0.4626506567001343,0.5373493432998657
the burinda was unhygenic as i got a small fried insect there beguni and egg chop was good but egg chop price is high as it serves th of egg,negative,positive,0.5373374223709106,0.46266257762908936,0.5373374223709106
not bad so so,negative,positive,0.5373286008834839,0.46267130970954895,0.5373286008834839
i need food at home,positive,negative,0.5370949506759644,0.5370949506759644,0.46290507912635803
food was good but the delivery person charged tk extra from me and not picking my call now,negative,positive,0.5367013812065125,0.4632986783981323,0.5367013812065125
food tay salt aktu beshi hoise but ager gulo rhik chilo aalt ta aktu kom dile vlo hoy,positive,negative,0.5366727709770203,0.5366727709770203,0.46332722902297974
the taste should be upgraded priotize the home delivery foods because we who order through food panda also pay for your food,negative,positive,0.5365845561027527,0.4634154140949249,0.5365845561027527
ordered passion fruit slush but they gave me a strawberry slush but taste is really good tho,positive,negative,0.5360783934593201,0.5360783934593201,0.4639216363430023
their chicken is always good but the fries are a total waste of money,negative,positive,0.5359237790107727,0.4640762507915497,0.5359237790107727
delivery guy was cute,positive,negative,0.5357722043991089,0.5357722043991089,0.4642278552055359
jora cycle chalaise hoito shob sos poira gese emon korle kemon lage,positive,negative,0.5355268120765686,0.5355268120765686,0.4644731283187866
metton haleem taste good but haddi diyeche ta mangsho dey ni,negative,positive,0.5354517102241516,0.464548259973526,0.5354517102241516
please remove a dish from the menu when it is out of stock leaving it will cause a lot of inconvenience to the customers,negative,positive,0.5353834629058838,0.4646165668964386,0.5353834629058838
rice ta ghondho chilo halka,negative,positive,0.535031795501709,0.4649682939052582,0.535031795501709
takes too much time,negative,positive,0.5348728895187378,0.4651270806789398,0.5348728895187378
portion size went down his time as well as the salad they advertise and the ones they give is notjing same they gave me slices of cucumber,positive,negative,0.5346307158470154,0.5346307158470154,0.46536925435066223
not bad but not good it s really bad,negative,positive,0.5344724059104919,0.46552759408950806,0.5344724059104919
the sauce tasted weeks old usually the food tastes perfect but today it was a disaster both the burger and the nachos tasted old especially the sauce mayonnaise,negative,positive,0.5343250036239624,0.4656749963760376,0.5343250036239624
rice ta te sand chilo mone hoise quantity good quality should increase,negative,positive,0.5343133807182312,0.4656866490840912,0.5343133807182312
tastebud business is successful they are very good chefs success has clearly given pride to their customer service little people extraordinary pride they don t have time to talk on the phone they are very bold,negative,positive,0.5341694951057434,0.4658305048942566,0.5341694951057434
the chicken was good but the rice was taste like shit the chicken and the rice don t go together i don t know who ever comes with the combination but they don t have the sliders idea how to cook,negative,positive,0.5341464877128601,0.4658535420894623,0.5341464877128601
size getting smaller from previous one,negative,positive,0.5340949892997742,0.46590498089790344,0.5340949892997742
one of the most overpriced places in dhanmondi,positive,negative,0.5340592861175537,0.5340592861175537,0.4659407138824463
as expected bfc never disappoint test wise although there was an issues with the missing coleslaws but it was addressed by the delivery guy,positive,negative,0.5339890718460083,0.5339890718460083,0.4660109579563141
fair amount of rice and rich size of chicken,negative,positive,0.533884584903717,0.4661153554916382,0.533884584903717
they should provide sauce at least,positive,negative,0.5335491895675659,0.5335491895675659,0.4664507210254669
alur chop dim chop chicken alur chop alu porota was great puris were too oily and got no taste,positive,negative,0.5335068106651306,0.5335068106651306,0.4664932191371918
chicken chaps were huge but they didn t provide any salad,positive,negative,0.5334540009498596,0.5334540009498596,0.46654605865478516
it was too spicy and we got it late rather when we have confirmed so it made a mess but the taste was fine,positive,negative,0.5332609415054321,0.5332609415054321,0.46673911809921265
whether the portion or taste they re always on point,positive,negative,0.5329445004463196,0.5329445004463196,0.4670555293560028
the burger was okay but small fries and garlic sauce was missing,negative,positive,0.5322737693786621,0.4677262306213379,0.5322737693786621
one of the best food shop in gazipur panda service most of them here below standard they should not get chance in foodpanda,positive,negative,0.5319049954414368,0.5319049954414368,0.46809497475624084
today s packaging was not good i asked for spicy but there was no spice at all overall the food tastes good,positive,negative,0.5317423343658447,0.5317423343658447,0.4682576358318329
amount of food quit low,positive,negative,0.5314779877662659,0.5314779877662659,0.4685220718383789
fruit quantity in the breakfast menu was very low orherise moutheaterinly delicious,positive,negative,0.5313208103179932,0.5313208103179932,0.46867918968200684
need to improve delivery,negative,positive,0.5312536358833313,0.4687463045120239,0.5312536358833313
meal is good but i order at but the delivery man can t complain to deliver the full till its please take necessary steps,negative,positive,0.5312345623970032,0.46876537799835205,0.5312345623970032
it will be test less day by day,negative,positive,0.5310751795768738,0.4689248204231262,0.5310751795768738
salat deo a hoy ni,negative,positive,0.531059741973877,0.46894025802612305,0.531059741973877
beef is pressed but why is your service without sauce and salat,negative,positive,0.5310325622558594,0.4689674377441406,0.5310325622558594
best burger was worst in taste,negative,positive,0.5307598114013672,0.4692402184009552,0.5307598114013672
we ordereed for two meals but delivered one,negative,positive,0.5305184721946716,0.469481498003006,0.5305184721946716
marattak burgers will order again she lagse juicy and tender and the bun is not soaking wet with juices,positive,negative,0.5304902791976929,0.5304902791976929,0.46950972080230713
valo hoyenai beshi ekta dam otirikto beshi but poriman olpo r quality o tmn valona moja na,negative,positive,0.5304705500602722,0.4695294499397278,0.5304705500602722
khabar motamuti cilo,negative,positive,0.5303265452384949,0.4696734547615051,0.5303265452384949
taste was not bad but problem was they forgot to send the chicken pieces with their set menu based on the menu and the order i sent,negative,positive,0.530277669429779,0.46972233057022095,0.530277669429779
never for me,negative,positive,0.5302502512931824,0.46974971890449524,0.5302502512931824
the quantity of kacchi was less,negative,positive,0.5300734639167786,0.46992653608322144,0.5300734639167786
it s okay but there s no taste,negative,positive,0.529745876789093,0.4702540338039398,0.529745876789093
the french fries were good but the patty for the burger was undercooked and didn t taste good,negative,positive,0.5295094847679138,0.47049054503440857,0.5295094847679138
rider thik ase but khabar thanda mojaw na,negative,positive,0.5294930338859558,0.4705069363117218,0.5294930338859558
crispy not good grilled sandwich was very good sub sandwich need little bit better,positive,negative,0.5294080376625061,0.5294080376625061,0.4705919325351715
forgot the sauce for the beef box,negative,positive,0.5292671322822571,0.47073280811309814,0.5292671322822571
took a long time to make delivery,negative,positive,0.5287935137748718,0.4712064862251282,0.5287935137748718
khichuri is light taste ok they use fish fried oil in chicken so chicken tasted fried fish,positive,negative,0.5287290215492249,0.5287290215492249,0.47127100825309753
the reviews on food panda were really really low i was actually scared before ordering other than it being over priced the taste was actually really good,positive,negative,0.5286645889282227,0.5286645889282227,0.47133535146713257
french fries shathe thakle burger kheye aro bhallagto,positive,negative,0.5283178091049194,0.5283178091049194,0.47168219089508057
my most favorite pizza chedder cream cheese nothing to say abt this but i was also ordered juicy bomb chicken the bun was not up to the mark at all it s kind of tong er bun but taste was good not b,positive,negative,0.5280840396881104,0.5280840396881104,0.47191596031188965
not a single run was left behind all the food was good and fresh at all the thai emni s and got the delivery and fast,positive,negative,0.5279871225357056,0.5279871225357056,0.47201281785964966
meat was enough khicuri was ok not delicious just ok,positive,negative,0.5279524922370911,0.5279524922370911,0.4720474183559418
in a word i eat bad pizza,negative,positive,0.527572512626648,0.47242748737335205,0.527572512626648
made an item unenableable which didn t go well i like the food i order approx hope you don t disappoint,positive,negative,0.5266762971878052,0.5266762971878052,0.4733237326145172
i have only rice but i order rice that s why we have a big problem,negative,positive,0.5264400839805603,0.4735599160194397,0.5264400839805603
average meatbox food quantity seems to be decreasing with every order,positive,negative,0.5262657999992371,0.5262657999992371,0.4737342596054077
why do you delay eating,positive,negative,0.5261238217353821,0.5261238217353821,0.4738761782646179
could not maintain proper time,negative,positive,0.5260667204856873,0.4739333689212799,0.5260667204856873
vegetable ta missing and bbq ar sauce ta box ar bahira aisa pora ektu khoyal koiran test so good,negative,positive,0.5258058905601501,0.47419410943984985,0.5258058905601501
i wanted extra spicy but it wasn t spicy enough everything else was good,positive,negative,0.5257038474082947,0.5257038474082947,0.4742961823940277
hyderabadi biriyani is average,negative,positive,0.5256583094596863,0.47434163093566895,0.5256583094596863
they provide little amount of booter daal but previously they provided much better,negative,positive,0.5256204605102539,0.4743795096874237,0.5256204605102539
day by day they decrease there test value and increase the food price,negative,positive,0.5256054997444153,0.4743945002555847,0.5256054997444153
kharap na valoi,positive,negative,0.5254389047622681,0.5254389047622681,0.4745611250400543
side dish gula emon gobor dise mone hoy,negative,positive,0.5254377126693726,0.47456228733062744,0.5254377126693726
rice quantity is low,positive,negative,0.5253086686134338,0.5253086686134338,0.47469139099121094
amount is too less comparing the price,negative,positive,0.5252659320831299,0.4747341275215149,0.5252659320831299
khaiya pet betha kortase,negative,positive,0.5252649188041687,0.4747350513935089,0.5252649188041687
dukha is also a hurricane,negative,positive,0.525188684463501,0.47481125593185425,0.525188684463501
expensive but not according to desire,negative,positive,0.5251519680023193,0.47484809160232544,0.5251519680023193
all are legs,negative,positive,0.5251394510269165,0.4748605489730835,0.5251394510269165
the waffles were too greasy the nutella one was too crispy while the red velvet was too soft why was the chocolate waffle green and dipped in a very dilute chocolate sauce,negative,positive,0.5249060392379761,0.4750940501689911,0.5249060392379761
the delivery man asked for tips,positive,negative,0.5243607759475708,0.5243607759475708,0.475639283657074
it was good no terrible test,positive,negative,0.5237605571746826,0.5237605571746826,0.476239413022995
it was average,negative,positive,0.5236349701881409,0.4763650596141815,0.5236349701881409
meatbox er quantity ager che onek komay felche age quantity valo chilo price onujai quantity very low,negative,positive,0.5235730409622192,0.47642695903778076,0.5235730409622192
the wings weren t hot bc they were too late to deliver also less saucy the taste was okay but the nachos were good,positive,negative,0.5233524441719055,0.5233524441719055,0.47664758563041687
fish kabab ta ashte gondho,negative,positive,0.5232771039009094,0.4767228960990906,0.5232771039009094
the quantity was short according to the price,negative,positive,0.5232482552528381,0.47675180435180664,0.5232482552528381
need a sauce pack at least,positive,negative,0.5229229927062988,0.5229229927062988,0.4770769774913788
i always order food from kacchi bhai because i like kacchi bhai s food and rarely get food in hand it is even better,positive,negative,0.52268385887146,0.52268385887146,0.4773161709308624
the price is way to high compared to the quantity it tastes good but overpriced is too much for this,negative,positive,0.5225100517272949,0.47749003767967224,0.5225100517272949
quantity is very less but the food test is good,negative,positive,0.5224913954734802,0.477508544921875,0.5224913954734802
price is high in quantity,negative,positive,0.5224440693855286,0.47755587100982666,0.5224440693855286
delivery man was really late,negative,positive,0.5223159790039062,0.47768405079841614,0.5223159790039062
arektu boro size expect korsilam ar salad ta akdom e valona er cheye raita dile valo lagto,negative,positive,0.5219380855560303,0.4780619144439697,0.5219380855560303
meal was good but they gave me khichuri when i asked for this mismanagement was significantly sad,negative,positive,0.5218364596366882,0.4781635105609894,0.5218364596366882
all items are xose,positive,negative,0.5216082334518433,0.5216082334518433,0.47839173674583435
as always their portions are below average sized the taste is the same,positive,negative,0.5216057896614075,0.5216057896614075,0.47839418053627014
taste was good bt the rice was too dry as there was no gravy also there was no egg provided as the menu said,negative,positive,0.5214613080024719,0.4785386919975281,0.5214613080024719
the portion was not satisfying the meat peaces were not exquisite the taste was up to the mark though quite good from an overall point of view,positive,negative,0.521385133266449,0.521385133266449,0.478614866733551
food was just ok but the delivery man never came back with my tk change,negative,positive,0.5212499499320984,0.478750079870224,0.5212499499320984
orderd chicken but one of them is wings,negative,positive,0.5212122797966003,0.47878772020339966,0.5212122797966003
sob thik salad kom dice,positive,negative,0.5212063193321228,0.5212063193321228,0.478793740272522
beef portion was less,negative,positive,0.5210486054420471,0.47895142436027527,0.5210486054420471
toilet like test,negative,positive,0.5207595229148865,0.47924044728279114,0.5207595229148865
kachchi rice way too much oily,negative,positive,0.5206038355827332,0.47939613461494446,0.5206038355827332
the food was decent as usual but i ordered pcs of chicken instead i got delivery for pcs only,negative,positive,0.5205491781234741,0.4794507920742035,0.5205491781234741
so many hidden prices,negative,positive,0.5205091238021851,0.47949090600013733,0.5205091238021851
unnecessary price hike,positive,negative,0.5204211473464966,0.5204211473464966,0.47957882285118103
amount of rice was not enough,positive,negative,0.5203508734703064,0.5203508734703064,0.4796490967273712
slice size is small for the price,positive,negative,0.5202851295471191,0.5202851295471191,0.47971493005752563
loaded fries too spicy there should be an option for spice level,negative,positive,0.5196223855018616,0.4803776144981384,0.5196223855018616
season pizza was,positive,negative,0.5195118188858032,0.5195118188858032,0.48048824071884155
like apni jodi nd time order koren just quantity ta deikhen eto kom,negative,positive,0.519339382648468,0.4806605279445648,0.519339382648468
please stop this pickup system of yours it is causing inconvenience to many customers like mine today i thought your riders would come and give me the product but the opposite happened,negative,positive,0.5192540287971497,0.48074594140052795,0.5192540287971497
food tastes good but amount of meat is bad,positive,negative,0.5191605687141418,0.5191605687141418,0.48083946108818054
pick up order chalu koren,positive,negative,0.519116222858429,0.519116222858429,0.48088377714157104
french fries were good wedges were totally burnt,negative,positive,0.5189119577407837,0.4810880124568939,0.5189119577407837
the amount of rice is less,negative,positive,0.5185074806213379,0.4814925491809845,0.5185074806213379
irani rooster chicken is also quite popular the chicken is cooked average zorda s test was good,positive,negative,0.5184191465377808,0.5184191465377808,0.48158085346221924
bruh the fries became so soft and it was cold and its barely larger then the small size so yes get better please thank you,negative,positive,0.5181517601013184,0.48184823989868164,0.5181517601013184
eden never let s us down,positive,negative,0.5177271366119385,0.5177271366119385,0.4822728633880615
your food was good but the size of the meat was very small or could not be told hopefully it won t happen next time,positive,negative,0.5177258849143982,0.5177258849143982,0.4822741448879242
try chui mutton today with some filling items will order again in the future,positive,negative,0.5175787806510925,0.5175787806510925,0.48242124915122986
the nachos were so ummy,positive,negative,0.5175467133522034,0.5175467133522034,0.48245325684547424
i liked the chicken soup and paratha the khashir paya is not upto the mark according to price point,positive,negative,0.5174877643585205,0.5174877643585205,0.4825122356414795
amount was not satisfying little amount taste is good,negative,positive,0.5173223614692688,0.4826776385307312,0.5173223614692688
vorta jhal kom ager moto moja nei,positive,negative,0.5168827772140503,0.5168827772140503,0.48311731219291687
meat was less,negative,positive,0.5167737007141113,0.48322632908821106,0.5167737007141113
delivery was super late,negative,positive,0.5167458653450012,0.48325416445732117,0.5167458653450012
the food was delicious but i ordered chicken tikka masala and got chicken tikka kabab i am very disappointed,negative,positive,0.5166592597961426,0.4833407998085022,0.5166592597961426
the burger buns got smaller i ll make sure to order subway next time its comparatively so goooood ah,positive,negative,0.5164297819137573,0.5164297819137573,0.4835701882839203
akbare faltut taste,negative,positive,0.5157482624053955,0.4842517077922821,0.5157482624053955
sizzling rice bowl szechuan chowmein indian biryani,positive,negative,0.5157440900802612,0.5157440900802612,0.484255850315094
make your order clear and concise it was very nice when i ordered for the first time next time the food was a mess,positive,negative,0.5149873495101929,0.5149873495101929,0.4850127100944519
i like thier food hope they maintain the quality of the food like this,positive,negative,0.5146439075469971,0.5146439075469971,0.48535609245300293
thin crust gourmet style pizza,positive,negative,0.5144120454788208,0.5144120454788208,0.4855879843235016
bfc is not like before i swear today i face the same problem as last day fried chicken was cold and soft,negative,positive,0.5143600106239319,0.4856400489807129,0.5143600106239319
buriyani ar shate extra jhul dile better hoi,positive,negative,0.5142331123352051,0.5142331123352051,0.4857669174671173
delivery is late,positive,negative,0.5141713619232178,0.5141713619232178,0.48582857847213745
inch pizza was,positive,negative,0.5141604542732239,0.5141604542732239,0.4858395457267761
oil was leaking and spilled throughout the bag food was good no issue on food,positive,negative,0.513972282409668,0.513972282409668,0.48602771759033203
quantity of meal is getting low day by day in kfc but so high in price,negative,positive,0.5137962698936462,0.48620373010635376,0.5137962698936462
delivery time too late,negative,positive,0.5136581063270569,0.4863419234752655,0.5136581063270569
tried to serve very well it doesn t get served any better than this if you order the food according to the instructions then they follow the instructions strictly,positive,negative,0.5134099125862122,0.5134099125862122,0.48659005761146545
i rate anything edible stars,negative,positive,0.5132649540901184,0.486735075712204,0.5132649540901184
high quality food,positive,negative,0.5132598280906677,0.5132598280906677,0.48674020171165466
burgers were not at all tasty they did not provide us ketchups burger express is my favorite fast food restaurant in bd i am giving negative review for the first time,negative,positive,0.5129340291023254,0.48706603050231934,0.5129340291023254
goto diner theke aktu kharap goto diner ta oshadharon chilo,positive,negative,0.5125976204872131,0.5125976204872131,0.48740240931510925
food is better chilled,positive,negative,0.5124973058700562,0.5124973058700562,0.48750269412994385
price is too higher than food,negative,positive,0.512356162071228,0.4876437485218048,0.512356162071228
put less onion please,positive,negative,0.5117022395133972,0.5117022395133972,0.4882977604866028
delivery waa fast but not happy with today s food,positive,negative,0.5116531848907471,0.5116531848907471,0.48834681510925293
plain polao with chuizhal goshte rice seems too little for less than half a plate the size of the meat is smaller than before be it chuijhal or kachchi still seems to be giving color change and use better quality food color,negative,positive,0.5116204023361206,0.4883795976638794,0.5116204023361206
size choto wings er,negative,positive,0.5115672945976257,0.4884326457977295,0.5115672945976257
food was good packing is a disaster not hygienic,negative,positive,0.5113402009010315,0.48865973949432373,0.5113402009010315
chicken curry was less quantity,negative,positive,0.5113065838813782,0.4886934757232666,0.5113065838813782
today i wanted cream donut but tasty treat gave me the cream bun but i wanted that one u gave me the cheap one i hope you won t do any mistake like that by the way ur foods are delicious,positive,negative,0.5111778974533081,0.5111778974533081,0.48882216215133667
rice ta valoe chilo but chiken ta kacha chilo,negative,positive,0.5110697746276855,0.48893028497695923,0.5110697746276855
i was so happy to find takoyaki in dhaka but they were mostly doughballs with hardly any octopus chicken katso lacks flavor and seasoning deeply disappointing,negative,positive,0.5109449028968811,0.4890550971031189,0.5109449028968811
it was very oily and cold but packing was good,negative,positive,0.5108212828636169,0.48917871713638306,0.5108212828636169
go buy and eat then you are at the right place there are different types of fried thin and goo in this restaurant,negative,positive,0.5106886029243469,0.4893113672733307,0.5106886029243469
the preparation time was too late,positive,negative,0.5106577277183533,0.5106577277183533,0.48934224247932434
amount of mutton was unexpectedly low,negative,positive,0.5105993747711182,0.4894005358219147,0.5105993747711182
khabar ta onek valo chilo but packing ta baje chilo khabar e dibo but please next time packing ta thik korben kichuta vaat ar daal pore geche,positive,negative,0.5105884075164795,0.5105884075164795,0.4894115626811981
tehari was defective,negative,positive,0.5104801058769226,0.4895199239253998,0.5104801058769226
the battery needs to smell better,positive,negative,0.5103527307510376,0.5103527307510376,0.48964717984199524
rice county olpo,negative,positive,0.5100898742675781,0.4899101257324219,0.5100898742675781
be time conscious,negative,positive,0.5100084543228149,0.48999154567718506,0.5100084543228149
it s not bad taste is good but it s not as premium as shown in the pictures,positive,negative,0.5100002884864807,0.5100002884864807,0.4899997413158417
khabar valo but leg pis dey nh ara,positive,negative,0.5098551511764526,0.5098551511764526,0.49014487862586975
motamuti chilo noodles price onujay quantity barano uchit,negative,positive,0.5094431042671204,0.49055686593055725,0.5094431042671204
taste was good but the product i ordered one of them was replaced by another product that is not expected its unprofessional,positive,negative,0.5092806816101074,0.5092806816101074,0.4907192885875702
packet aro valo kora dorker,negative,positive,0.5089654922485352,0.491034597158432,0.5089654922485352
sub sandwich taste was average,negative,positive,0.5089032053947449,0.4910968244075775,0.5089032053947449
naga pasta was totally disappointing but sandwich was very good meat box was tasty,positive,negative,0.508865237236023,0.508865237236023,0.4911347031593323
too much pricey quality average,positive,negative,0.5086700916290283,0.5086700916290283,0.49132993817329407
quantity of the food is getting lower according to price,negative,positive,0.5080527663230896,0.4919472336769104,0.5080527663230896
ight last order for this year starting diet lmao,positive,negative,0.5078468918800354,0.5078468918800354,0.4921530485153198
sometime after eating,positive,negative,0.5077778697013855,0.5077778697013855,0.4922221601009369
it s make too late,negative,positive,0.5077437162399292,0.49225619435310364,0.5077437162399292
mishti baashi chilo,negative,positive,0.5077206492424011,0.49227938055992126,0.5077206492424011
ordered naga drums got one normal sized and the one was less than half size of it takar jonno etotuku size er naga drum is never worth it,negative,positive,0.5076107978820801,0.49238911271095276,0.5076107978820801
pizza is very better quality and very low prices,positive,negative,0.5074529051780701,0.5074529051780701,0.49254700541496277
it was average good in taste but very oily,positive,negative,0.5070275664329529,0.5070275664329529,0.49297237396240234
poriman kom dai,negative,positive,0.5070187449455261,0.49298131465911865,0.5070187449455261
price quantity food,negative,positive,0.5067906975746155,0.4932093024253845,0.5067906975746155
i always order from waffle time they are so good but today the waffle was not good it was not crispy at all it was damned hope they will think it,negative,positive,0.5067565441131592,0.49324339628219604,0.5067565441131592
kacchi without kabab but ordered with kabab,negative,positive,0.5065401196479797,0.49345993995666504,0.5065401196479797
mutton teheri and borhani was good but jali kabab not so i think jali kabab may be of days ago,negative,positive,0.5063783526420593,0.49362167716026306,0.5063783526420593
chowmen was good but the chicken fried breast was the worst i have ever tried,positive,negative,0.5063714385032654,0.5063714385032654,0.49362853169441223
bad meat pieces otherwise really good taste,positive,negative,0.5061463117599487,0.5061463117599487,0.49385368824005127
hakka never misses good for the price but some dishes like the hunan chicken have way too much ginger they should tone it down a little,positive,negative,0.5060360431671143,0.5060360431671143,0.49396389722824097
quantity s less,negative,positive,0.5059155225753784,0.4940843880176544,0.5059155225753784
maintain proper hygiene please,negative,positive,0.5058609247207642,0.49413907527923584,0.5058609247207642
broth was more,positive,negative,0.5057762861251831,0.5057762861251831,0.49422377347946167
it s expensive no doubt the burgers are the best you will get from any franchise currently in dhaka as for the fried chicken i have had better,positive,negative,0.5055237412452698,0.5055237412452698,0.4944763481616974
recommend afghani biryani,positive,negative,0.5053202509880066,0.5053202509880066,0.4946798086166382
quantity test was good but polithin a sauce veg na dile better hoy because oita hygienic na r time onek beshi legeche hour minutes,positive,negative,0.5052996277809143,0.5052996277809143,0.49470046162605286
chicken soup almost shob pore geche packet e packaging quality valo na taste to so so need improvements,negative,positive,0.5051702260971069,0.49482983350753784,0.5051702260971069
chilli fuchka dokane tk but pick up order tk porlo sathe platform fee tk amar toh loss holo,negative,positive,0.5051655769348145,0.49483439326286316,0.5051655769348145
extrq vat added but in shop price was less unethical business,negative,positive,0.5050075650215149,0.4949924945831299,0.5050075650215149
fool s diner never fails,positive,negative,0.5048487186431885,0.5048487186431885,0.4951512813568115
the pizza was good but the bruschetta was not appropriate very disappointing,positive,negative,0.5048183798789978,0.5048183798789978,0.49518170952796936
piaju pora chilo tita lagse kono refund paini halim ta patla tobe chole chola khub dry tk diye neoa cholena samosa was good,negative,positive,0.5046768188476562,0.495323121547699,0.5046768188476562
food was exceptional but no salat given,positive,negative,0.5046371817588806,0.5046371817588806,0.495362788438797
late service i expected getting these meals timely but days made me frustrated,negative,positive,0.5045570135116577,0.4954429864883423,0.5045570135116577
taste and quantity of meat and kebab were very good however they didn t add biriyani rice rather they added normal steamed rice and mixed it with meat gravy which tasted disgusting and couldn t eat,negative,positive,0.5045129060745239,0.4954870641231537,0.5045129060745239
ajke ato ta valo hoyni,negative,positive,0.5045046210289001,0.49549534916877747,0.5045046210289001
barcode was going to in and still is,positive,negative,0.5043997764587402,0.5043997764587402,0.4956001937389374
qty was not enough,negative,positive,0.5041368007659912,0.49586325883865356,0.5041368007659912
taste khub e valo but ekta jinish improve korte hbe ta holo teharir gosto gula ro shidhdho korte hbe onk hard gosto gula,positive,negative,0.5041356086730957,0.5041356086730957,0.4958643317222595
bbq pasta is average price is high compared to quantity,positive,negative,0.5041199326515198,0.5041199326515198,0.49588003754615784
yktuo moja naa,negative,positive,0.5040529370307922,0.49594706296920776,0.5040529370307922
taka special noodles was good if there is taka discount,positive,negative,0.503577470779419,0.503577470779419,0.4964224398136139
who is he,negative,positive,0.5033726096153259,0.4966273903846741,0.5033726096153259
quality was good but quantity was very poor,negative,positive,0.5032524466514587,0.49674758315086365,0.5032524466514587
chicken pic small last time give big size pic,negative,positive,0.503132700920105,0.49686723947525024,0.503132700920105
the sauce was too much,negative,positive,0.502982497215271,0.4970174729824066,0.502982497215271
simply flavor blast on your mouth,positive,negative,0.5027958154678345,0.5027958154678345,0.4972042143344879
delivery man late for delivery,negative,positive,0.5027583837509155,0.4972415864467621,0.5027583837509155
in this soup item i m frustrated lots of lemon grass and chili less amount of chicken and prawn,negative,positive,0.5027519464492798,0.4972480833530426,0.5027519464492798
ordered tehari yesterday and liked it very much today i ordered extra large korma polao of course i expected to have two pieces of chicken but how can i eat so many polao with half a piece of chicken,negative,positive,0.5027477145195007,0.4972522258758545,0.5027477145195007
there is some incect in the bread,negative,positive,0.5026703476905823,0.4973296821117401,0.5026703476905823
i ve add ons oith naga wings pickled meyo they have took tk extra but don t give me any dip,negative,positive,0.5025332570075989,0.4974667727947235,0.5025332570075989
i have become a regular customer of jfc,positive,negative,0.502455472946167,0.502455472946167,0.4975445568561554
shadh valo poriman kom tehari,positive,negative,0.502406895160675,0.502406895160675,0.4975930154323578
the burger was good but the poutine was just so dull its did not have any favor,negative,positive,0.5022498369216919,0.4977501630783081,0.5022498369216919
both the pizzas were coarse very unusual,negative,positive,0.5022334456443787,0.4977666139602661,0.5022334456443787
burger chicken quantity short and sauce too,positive,negative,0.5019813179969788,0.5019813179969788,0.49801871180534363
if we get regular voucher its help to order,positive,negative,0.5017695426940918,0.5017695426940918,0.4982304871082306
what will i say quality taste quantity everything poor but fast delivery,negative,positive,0.5017562508583069,0.4982437789440155,0.5017562508583069
chicken roast taste is not good enough but borhani was good,negative,positive,0.5015419125556946,0.4984581470489502,0.5015419125556946
pleasantly surprised at how good all three items were chicken burger fries and milkshake,positive,negative,0.5014429688453674,0.5014429688453674,0.49855703115463257
taste but ingredients of rice and meat was less,positive,negative,0.5014272928237915,0.5014272928237915,0.4985727071762085
insufficient taki fish vorta,positive,negative,0.5014044046401978,0.5014044046401978,0.49859562516212463
beef khichuri quantity was good taste was good enough mutton bhuna do not order they only give a small amount the container had maybe or inch pieces of mutton disappointed,negative,positive,0.5013372302055359,0.4986627697944641,0.5013372302055359
beef khicuri and beef covered paoa kosto may taste good,negative,positive,0.5012522339820862,0.49874767661094666,0.5012522339820862
too much bad aga food onk valo silo but akn aktu o valo na,negative,positive,0.5011499524116516,0.4988500475883484,0.5011499524116516
borhani includes kora,positive,negative,0.5011444687843323,0.5011444687843323,0.4988555908203125
morog polaw was good but rice quantity is very low,positive,negative,0.5011310577392578,0.5011310577392578,0.4988689124584198
cheese baked korte jeye puriye felse,negative,positive,0.5010330080986023,0.4989670515060425,0.5010330080986023
meat fries yet its chicken griller item,negative,positive,0.5007926225662231,0.49920737743377686,0.5007926225662231
there was food,negative,positive,0.5006937980651855,0.4993061423301697,0.5006937980651855
there was a stapler pin in one of the chicken stick pls process foods more carefully,negative,positive,0.5005819201469421,0.4994180500507355,0.5005819201469421
it was fair to be honest could ve been better didn t meet the expectations,negative,positive,0.5003535747528076,0.4996463656425476,0.5003535747528076
while packaging cold coffee take care please many a times it has been displaced,positive,negative,0.500219464302063,0.500219464302063,0.4997805953025818
quantity is less than offline order,positive,negative,0.5001838803291321,0.5001838803291321,0.49981608986854553
